1000000,11,82,1.0,BabyBum Disposible Diapers
1000001,11,81,1.0,Pivotal Extra Stength Aspirin
1000002,31,82,1.0,BabyBum Disposible Diapers
1000003,31,81,1.0,Pivotal Extra Stength Aspirin
1000004,43,82,1.0,BabyBum Disposible Diapers
1000005,43,81,1.0,Pivotal Extra Stength Aspirin
1000006,63,81,1.0,Pivotal Extra Stength Aspirin
1000007,67,82,1.0,BabyBum Disposible Diapers
1000008,71,81,1.0,Pivotal Extra Stength Aspirin
1000009,75,82,1.0,BabyBum Disposible Diapers
1000010,75,81,1.0,Pivotal Extra Stength Aspirin
1000011,87,82,1.0,BabyBum Disposible Diapers
1000012,87,81,1.0,Pivotal Extra Stength Aspirin
1000013,103,82,1.0,BabyBum Disposible Diapers
1000014,103,81,1.0,Pivotal Extra Stength Aspirin
1000015,147,82,1.0,BabyBum Disposible Diapers
1000016,147,81,1.0,Pivotal Extra Stength Aspirin
1000017,155,82,1.0,BabyBum Disposible Diapers
1000018,155,81,1.0,Pivotal Extra Stength Aspirin
1000019,159,81,1.0,Pivotal Extra Stength Aspirin
1000020,171,82,1.0,BabyBum Disposible Diapers
1000021,171,81,1.0,Pivotal Extra Stength Aspirin
1000022,179,82,1.0,BabyBum Disposible Diapers
1000023,187,81,1.0,Pivotal Extra Stength Aspirin
1000024,202,81,1.0,Pivotal Extra Stength Aspirin
1000025,210,82,1.0,BabyBum Disposible Diapers
1000026,210,81,1.0,Pivotal Extra Stength Aspirin
1000027,222,82,1.0,BabyBum Disposible Diapers
1000028,226,82,1.0,BabyBum Disposible Diapers
1000029,234,82,1.0,BabyBum Disposible Diapers
1000030,242,82,1.0,BabyBum Disposible Diapers
1000031,242,81,1.0,Pivotal Extra Stength Aspirin
1000032,298,81,1.0,Pivotal Extra Stength Aspirin
1000033,302,82,1.0,BabyBum Disposible Diapers
1000034,310,81,1.0,Pivotal Extra Stength Aspirin
1000035,350,82,1.0,BabyBum Disposible Diapers
1000036,362,82,1.0,BabyBum Disposible Diapers
1000037,382,82,1.0,BabyBum Disposible Diapers
1000038,382,81,1.0,Pivotal Extra Stength Aspirin
1000039,390,82,1.0,BabyBum Disposible Diapers
1000040,390,81,1.0,Pivotal Extra Stength Aspirin
1000041,398,82,1.0,BabyBum Disposible Diapers
1000042,398,81,1.0,Pivotal Extra Stength Aspirin
1000043,406,82,1.0,BabyBum Disposible Diapers
1000044,406,81,1.0,Pivotal Extra Stength Aspirin
1000045,426,82,1.0,BabyBum Disposible Diapers
1000046,426,81,1.0,Pivotal Extra Stength Aspirin
1000047,434,82,1.0,BabyBum Disposible Diapers
1000048,434,81,1.0,Pivotal Extra Stength Aspirin
1000049,481,82,1.0,BabyBum Disposible Diapers
1000050,517,81,1.0,Pivotal Extra Stength Aspirin
1000051,533,82,1.0,BabyBum Disposible Diapers
1000052,533,81,1.0,Pivotal Extra Stength Aspirin
1000053,541,82,1.0,BabyBum Disposible Diapers
1000054,541,81,1.0,Pivotal Extra Stength Aspirin
1000055,557,81,1.0,Pivotal Extra Stength Aspirin
1000056,617,82,1.0,BabyBum Disposible Diapers
1000057,617,81,1.0,Pivotal Extra Stength Aspirin
1000058,637,81,1.0,Pivotal Extra Stength Aspirin
1000059,657,82,1.0,BabyBum Disposible Diapers
1000060,657,81,1.0,Pivotal Extra Stength Aspirin
1000061,673,82,1.0,BabyBum Disposible Diapers
1000062,681,82,1.0,BabyBum Disposible Diapers
1000063,681,81,1.0,Pivotal Extra Stength Aspirin
1000064,760,81,1.0,Pivotal Extra Stength Aspirin
1000065,772,82,1.0,BabyBum Disposible Diapers
1000066,772,81,1.0,Pivotal Extra Stength Aspirin
1000067,776,81,1.0,Pivotal Extra Stength Aspirin
1000068,820,82,1.0,BabyBum Disposible Diapers
1000069,876,81,1.0,Pivotal Extra Stength Aspirin
1000070,880,82,1.0,BabyBum Disposible Diapers
1000071,880,81,1.0,Pivotal Extra Stength Aspirin
1000072,884,82,1.0,BabyBum Disposible Diapers
1000073,884,81,1.0,Pivotal Extra Stength Aspirin
1000074,916,82,1.0,BabyBum Disposible Diapers
1000075,916,81,1.0,Pivotal Extra Stength Aspirin
1000076,964,82,1.0,BabyBum Disposible Diapers
1000077,979,81,1.0,Pivotal Extra Stength Aspirin
1000078,991,81,1.0,Pivotal Extra Stength Aspirin
1000079,1004,82,1.0,BabyBum Disposible Diapers
1000080,1072,82,1.0,BabyBum Disposible Diapers
1000081,1072,81,1.0,Pivotal Extra Stength Aspirin
1000082,1104,82,1.0,BabyBum Disposible Diapers
1000083,1104,81,1.0,Pivotal Extra Stength Aspirin
1000084,1112,82,1.0,BabyBum Disposible Diapers
1000085,1112,81,1.0,Pivotal Extra Stength Aspirin
1000086,1124,81,1.0,Pivotal Extra Stength Aspirin
1000087,1156,82,1.0,BabyBum Disposible Diapers
1000088,1167,82,1.0,BabyBum Disposible Diapers
1000089,1187,81,1.0,Pivotal Extra Stength Aspirin
1000090,1199,82,1.0,BabyBum Disposible Diapers
1000091,1199,81,1.0,Pivotal Extra Stength Aspirin
1000092,1231,82,1.0,BabyBum Disposible Diapers
1000093,1231,81,1.0,Pivotal Extra Stength Aspirin
1000094,1243,81,1.0,Pivotal Extra Stength Aspirin
1000095,1311,82,1.0,BabyBum Disposible Diapers
1000096,1323,82,1.0,BabyBum Disposible Diapers
1000097,1371,81,1.0,Pivotal Extra Stength Aspirin
1000098,1387,81,1.0,Pivotal Extra Stength Aspirin
1000099,1403,81,1.0,Pivotal Extra Stength Aspirin
1000100,1438,82,1.0,BabyBum Disposible Diapers
1000101,1474,82,1.0,BabyBum Disposible Diapers
1000102,1474,81,1.0,Pivotal Extra Stength Aspirin
1000103,1478,82,1.0,BabyBum Disposible Diapers
1000104,1498,82,1.0,BabyBum Disposible Diapers
1000105,1502,82,1.0,BabyBum Disposible Diapers
1000106,1502,81,1.0,Pivotal Extra Stength Aspirin
1000107,1514,82,1.0,BabyBum Disposible Diapers
1000108,1514,81,1.0,Pivotal Extra Stength Aspirin
1000109,1518,82,1.0,BabyBum Disposible Diapers
1000110,1518,81,1.0,Pivotal Extra Stength Aspirin
1000111,1550,82,1.0,BabyBum Disposible Diapers
1000112,1558,82,1.0,BabyBum Disposible Diapers
1000113,1558,81,1.0,Pivotal Extra Stength Aspirin
1000114,1586,82,1.0,BabyBum Disposible Diapers
1000115,1594,82,1.0,BabyBum Disposible Diapers
1000116,1650,82,1.0,BabyBum Disposible Diapers
1000117,1697,82,1.0,BabyBum Disposible Diapers
1000118,1697,81,1.0,Pivotal Extra Stength Aspirin
1000119,1769,81,1.0,Pivotal Extra Stength Aspirin
1000120,1777,82,1.0,BabyBum Disposible Diapers
1000121,1781,81,1.0,Pivotal Extra Stength Aspirin
1000122,1825,82,1.0,BabyBum Disposible Diapers
1000123,1841,82,1.0,BabyBum Disposible Diapers
1000124,1841,81,1.0,Pivotal Extra Stength Aspirin
1000125,1861,81,1.0,Pivotal Extra Stength Aspirin
1000126,1877,81,1.0,Pivotal Extra Stength Aspirin
1000127,1905,82,1.0,BabyBum Disposible Diapers
1000128,1917,82,1.0,BabyBum Disposible Diapers
1000129,1917,81,1.0,Pivotal Extra Stength Aspirin
1000130,1936,82,1.0,BabyBum Disposible Diapers
1000131,1936,81,1.0,Pivotal Extra Stength Aspirin
1000132,1984,82,1.0,BabyBum Disposible Diapers
1000133,1984,81,1.0,Pivotal Extra Stength Aspirin
1000134,1992,81,1.0,Pivotal Extra Stength Aspirin
1000135,2020,81,1.0,Pivotal Extra Stength Aspirin
1000136,2056,82,1.0,BabyBum Disposible Diapers
1000137,2056,81,1.0,Pivotal Extra Stength Aspirin
1000138,2064,81,1.0,Pivotal Extra Stength Aspirin
1000139,2072,82,1.0,BabyBum Disposible Diapers
1000140,2072,81,1.0,Pivotal Extra Stength Aspirin
1000141,2088,82,1.0,BabyBum Disposible Diapers
1000142,2088,81,1.0,Pivotal Extra Stength Aspirin
1000143,2092,82,1.0,BabyBum Disposible Diapers
1000144,2092,81,1.0,Pivotal Extra Stength Aspirin
1000145,2100,82,1.0,BabyBum Disposible Diapers
1000146,2100,81,1.0,Pivotal Extra Stength Aspirin
1000147,2152,82,1.0,BabyBum Disposible Diapers
1000148,2152,81,1.0,Pivotal Extra Stength Aspirin
1000149,2209,82,1.0,BabyBum Disposible Diapers
1000150,2209,81,1.0,Pivotal Extra Stength Aspirin
1000151,2253,82,1.0,BabyBum Disposible Diapers
1000152,2257,81,1.0,Pivotal Extra Stength Aspirin
1000153,2277,82,1.0,BabyBum Disposible Diapers
1000154,2329,82,1.0,BabyBum Disposible Diapers
1000155,2329,81,1.0,Pivotal Extra Stength Aspirin
1000156,2345,82,1.0,BabyBum Disposible Diapers
1000157,2345,81,1.0,Pivotal Extra Stength Aspirin
1000158,2349,82,1.0,BabyBum Disposible Diapers
1000159,2349,81,1.0,Pivotal Extra Stength Aspirin
1000160,2357,81,1.0,Pivotal Extra Stength Aspirin
1000161,2369,82,1.0,BabyBum Disposible Diapers
1000162,2401,82,1.0,BabyBum Disposible Diapers
1000163,2401,81,1.0,Pivotal Extra Stength Aspirin
1000164,2421,82,1.0,BabyBum Disposible Diapers
1000165,2421,81,1.0,Pivotal Extra Stength Aspirin
1000166,2438,82,1.0,BabyBum Disposible Diapers
1000167,2438,81,1.0,Pivotal Extra Stength Aspirin
1000168,2442,82,1.0,BabyBum Disposible Diapers
1000169,2442,81,1.0,Pivotal Extra Stength Aspirin
1000170,2470,82,1.0,BabyBum Disposible Diapers
1000171,2470,81,1.0,Pivotal Extra Stength Aspirin
1000172,2498,82,1.0,BabyBum Disposible Diapers
1000173,2498,81,1.0,Pivotal Extra Stength Aspirin
1000174,2502,81,1.0,Pivotal Extra Stength Aspirin
1000175,2514,82,1.0,BabyBum Disposible Diapers
1000176,2514,81,1.0,Pivotal Extra Stength Aspirin
1000177,2522,82,1.0,BabyBum Disposible Diapers
1000178,2538,82,1.0,BabyBum Disposible Diapers
1000179,2538,81,1.0,Pivotal Extra Stength Aspirin
1000180,2582,82,1.0,BabyBum Disposible Diapers
1000181,2594,81,1.0,Pivotal Extra Stength Aspirin
1000182,2618,81,1.0,Pivotal Extra Stength Aspirin
1000183,2622,81,1.0,Pivotal Extra Stength Aspirin
1000184,2650,82,1.0,BabyBum Disposible Diapers
1000185,2674,82,1.0,BabyBum Disposible Diapers
1000186,2674,81,1.0,Pivotal Extra Stength Aspirin
1000187,2690,82,1.0,BabyBum Disposible Diapers
1000188,2690,81,1.0,Pivotal Extra Stength Aspirin
1000189,2695,82,1.0,BabyBum Disposible Diapers
1000190,2695,81,1.0,Pivotal Extra Stength Aspirin
1000191,2703,82,1.0,BabyBum Disposible Diapers
1000192,60,82,1.0,BabyBum Disposible Diapers
1000193,124,82,1.0,BabyBum Disposible Diapers
1000194,148,81,1.0,Pivotal Extra Stength Aspirin
1000195,201,82,1.0,BabyBum Disposible Diapers
1000196,217,82,1.0,BabyBum Disposible Diapers
1000197,237,82,1.0,BabyBum Disposible Diapers
1000198,237,81,1.0,Pivotal Extra Stength Aspirin
1000199,249,81,1.0,Pivotal Extra Stength Aspirin
1000200,261,82,1.0,BabyBum Disposible Diapers
1000201,309,82,1.0,BabyBum Disposible Diapers
1000202,309,81,1.0,Pivotal Extra Stength Aspirin
1000203,325,81,1.0,Pivotal Extra Stength Aspirin
1000204,329,81,1.0,Pivotal Extra Stength Aspirin
1000205,333,81,1.0,Pivotal Extra Stength Aspirin
1000206,349,82,1.0,BabyBum Disposible Diapers
1000207,349,81,1.0,Pivotal Extra Stength Aspirin
1000208,437,82,1.0,BabyBum Disposible Diapers
1000209,445,82,1.0,BabyBum Disposible Diapers
1000210,445,81,1.0,Pivotal Extra Stength Aspirin
1000211,466,81,1.0,Pivotal Extra Stength Aspirin
1000212,470,82,1.0,BabyBum Disposible Diapers
1000213,470,81,1.0,Pivotal Extra Stength Aspirin
1000214,486,81,1.0,Pivotal Extra Stength Aspirin
1000215,514,82,1.0,BabyBum Disposible Diapers
1000216,514,81,1.0,Pivotal Extra Stength Aspirin
1000217,534,82,1.0,BabyBum Disposible Diapers
1000218,534,81,1.0,Pivotal Extra Stength Aspirin
1000219,538,82,1.0,BabyBum Disposible Diapers
1000220,538,81,1.0,Pivotal Extra Stength Aspirin
1000221,558,82,1.0,BabyBum Disposible Diapers
1000222,558,81,1.0,Pivotal Extra Stength Aspirin
1000223,582,81,1.0,Pivotal Extra Stength Aspirin
1000224,610,82,1.0,BabyBum Disposible Diapers
1000225,610,81,1.0,Pivotal Extra Stength Aspirin
1000226,638,82,1.0,BabyBum Disposible Diapers
1000227,638,81,1.0,Pivotal Extra Stength Aspirin
1000228,666,82,1.0,BabyBum Disposible Diapers
1000229,666,81,1.0,Pivotal Extra Stength Aspirin
1000230,702,82,1.0,BabyBum Disposible Diapers
1000231,702,81,1.0,Pivotal Extra Stength Aspirin
1000232,731,82,1.0,BabyBum Disposible Diapers
1000233,731,81,1.0,Pivotal Extra Stength Aspirin
1000234,759,82,1.0,BabyBum Disposible Diapers
1000235,759,81,1.0,Pivotal Extra Stength Aspirin
1000236,783,82,1.0,BabyBum Disposible Diapers
1000237,783,81,1.0,Pivotal Extra Stength Aspirin
1000238,787,81,1.0,Pivotal Extra Stength Aspirin
1000239,795,82,1.0,BabyBum Disposible Diapers
1000240,795,81,1.0,Pivotal Extra Stength Aspirin
1000241,831,82,1.0,BabyBum Disposible Diapers
1000242,831,81,1.0,Pivotal Extra Stength Aspirin
1000243,915,81,1.0,Pivotal Extra Stength Aspirin
1000244,955,82,1.0,BabyBum Disposible Diapers
1000245,955,81,1.0,Pivotal Extra Stength Aspirin
1000246,980,81,1.0,Pivotal Extra Stength Aspirin
1000247,996,82,1.0,BabyBum Disposible Diapers
1000248,996,81,1.0,Pivotal Extra Stength Aspirin
1000249,1023,82,1.0,BabyBum Disposible Diapers
1000250,1063,82,1.0,BabyBum Disposible Diapers
1000251,1063,81,1.0,Pivotal Extra Stength Aspirin
1000252,1071,82,1.0,BabyBum Disposible Diapers
1000253,1071,81,1.0,Pivotal Extra Stength Aspirin
1000254,1075,82,1.0,BabyBum Disposible Diapers
1000255,1075,81,1.0,Pivotal Extra Stength Aspirin
1000256,1079,81,1.0,Pivotal Extra Stength Aspirin
1000257,1087,82,1.0,BabyBum Disposible Diapers
1000258,1107,82,1.0,BabyBum Disposible Diapers
1000259,1115,82,1.0,BabyBum Disposible Diapers
1000260,1115,81,1.0,Pivotal Extra Stength Aspirin
1000261,1123,82,1.0,BabyBum Disposible Diapers
1000262,1123,81,1.0,Pivotal Extra Stength Aspirin
1000263,1127,82,1.0,BabyBum Disposible Diapers
1000264,1139,81,1.0,Pivotal Extra Stength Aspirin
1000265,1159,82,1.0,BabyBum Disposible Diapers
1000266,1159,81,1.0,Pivotal Extra Stength Aspirin
1000267,1168,82,1.0,BabyBum Disposible Diapers
1000268,1168,81,1.0,Pivotal Extra Stength Aspirin
1000269,1184,82,1.0,BabyBum Disposible Diapers
1000270,1224,81,1.0,Pivotal Extra Stength Aspirin
1000271,1240,82,1.0,BabyBum Disposible Diapers
1000272,1240,81,1.0,Pivotal Extra Stength Aspirin
1000273,1268,82,1.0,BabyBum Disposible Diapers
1000274,1272,81,1.0,Pivotal Extra Stength Aspirin
1000275,1284,82,1.0,BabyBum Disposible Diapers
1000276,1284,81,1.0,Pivotal Extra Stength Aspirin
1000277,1296,81,1.0,Pivotal Extra Stength Aspirin
1000278,1332,81,1.0,Pivotal Extra Stength Aspirin
1000279,1340,81,1.0,Pivotal Extra Stength Aspirin
1000280,1352,82,1.0,BabyBum Disposible Diapers
1000281,1388,82,1.0,BabyBum Disposible Diapers
1000282,1388,81,1.0,Pivotal Extra Stength Aspirin
1000283,1416,81,1.0,Pivotal Extra Stength Aspirin
1000284,1417,81,1.0,Pivotal Extra Stength Aspirin
1000285,1445,82,1.0,BabyBum Disposible Diapers
1000286,1445,81,1.0,Pivotal Extra Stength Aspirin
1000287,1457,82,1.0,BabyBum Disposible Diapers
1000288,1457,81,1.0,Pivotal Extra Stength Aspirin
1000289,1461,82,1.0,BabyBum Disposible Diapers
1000290,1461,81,1.0,Pivotal Extra Stength Aspirin
1000291,1469,82,1.0,BabyBum Disposible Diapers
1000292,1469,81,1.0,Pivotal Extra Stength Aspirin
1000293,1481,82,1.0,BabyBum Disposible Diapers
1000294,1489,82,1.0,BabyBum Disposible Diapers
1000295,1489,81,1.0,Pivotal Extra Stength Aspirin
1000296,1509,81,1.0,Pivotal Extra Stength Aspirin
1000297,1517,82,1.0,BabyBum Disposible Diapers
1000298,1517,81,1.0,Pivotal Extra Stength Aspirin
1000299,1541,81,1.0,Pivotal Extra Stength Aspirin
1000300,1577,81,1.0,Pivotal Extra Stength Aspirin
1000301,1585,82,1.0,BabyBum Disposible Diapers
1000302,1585,81,1.0,Pivotal Extra Stength Aspirin
1000303,1593,82,1.0,BabyBum Disposible Diapers
1000304,1593,81,1.0,Pivotal Extra Stength Aspirin
1000305,1597,81,1.0,Pivotal Extra Stength Aspirin
1000306,1637,82,1.0,BabyBum Disposible Diapers
1000307,1637,81,1.0,Pivotal Extra Stength Aspirin
1000308,1657,81,1.0,Pivotal Extra Stength Aspirin
1000309,1661,82,1.0,BabyBum Disposible Diapers
1000310,1661,81,1.0,Pivotal Extra Stength Aspirin
1000311,1674,82,1.0,BabyBum Disposible Diapers
1000312,1674,81,1.0,Pivotal Extra Stength Aspirin
1000313,1678,82,1.0,BabyBum Disposible Diapers
1000314,1738,82,1.0,BabyBum Disposible Diapers
1000315,1786,81,1.0,Pivotal Extra Stength Aspirin
1000316,1814,81,1.0,Pivotal Extra Stength Aspirin
1000317,1830,82,1.0,BabyBum Disposible Diapers
1000318,1830,81,1.0,Pivotal Extra Stength Aspirin
1000319,1854,81,1.0,Pivotal Extra Stength Aspirin
1000320,1890,82,1.0,BabyBum Disposible Diapers
1000321,1890,81,1.0,Pivotal Extra Stength Aspirin
1000322,1906,82,1.0,BabyBum Disposible Diapers
1000323,1906,81,1.0,Pivotal Extra Stength Aspirin
1000324,1955,81,1.0,Pivotal Extra Stength Aspirin
1000325,1971,82,1.0,BabyBum Disposible Diapers
1000326,1971,81,1.0,Pivotal Extra Stength Aspirin
1000327,2003,82,1.0,BabyBum Disposible Diapers
1000328,2011,82,1.0,BabyBum Disposible Diapers
1000329,2011,81,1.0,Pivotal Extra Stength Aspirin
1000330,2051,82,1.0,BabyBum Disposible Diapers
1000331,2067,82,1.0,BabyBum Disposible Diapers
1000332,2103,81,1.0,Pivotal Extra Stength Aspirin
1000333,2131,82,1.0,BabyBum Disposible Diapers
1000334,2131,81,1.0,Pivotal Extra Stength Aspirin
1000335,2179,81,1.0,Pivotal Extra Stength Aspirin
1000336,2182,82,1.0,BabyBum Disposible Diapers
1000337,2218,82,1.0,BabyBum Disposible Diapers
1000338,2218,81,1.0,Pivotal Extra Stength Aspirin
1000339,2230,82,1.0,BabyBum Disposible Diapers
1000340,2246,82,1.0,BabyBum Disposible Diapers
1000341,2250,82,1.0,BabyBum Disposible Diapers
1000342,2250,81,1.0,Pivotal Extra Stength Aspirin
1000343,2270,82,1.0,BabyBum Disposible Diapers
1000344,2270,81,1.0,Pivotal Extra Stength Aspirin
1000345,2294,81,1.0,Pivotal Extra Stength Aspirin
1000346,2322,82,1.0,BabyBum Disposible Diapers
1000347,2322,81,1.0,Pivotal Extra Stength Aspirin
1000348,2334,82,1.0,BabyBum Disposible Diapers
1000349,2334,81,1.0,Pivotal Extra Stength Aspirin
1000350,2342,82,1.0,BabyBum Disposible Diapers
1000351,2342,81,1.0,Pivotal Extra Stength Aspirin
1000352,2354,82,1.0,BabyBum Disposible Diapers
1000353,2354,81,1.0,Pivotal Extra Stength Aspirin
1000354,2378,82,1.0,BabyBum Disposible Diapers
1000355,2378,81,1.0,Pivotal Extra Stength Aspirin
1000356,2390,82,1.0,BabyBum Disposible Diapers
1000357,2422,82,1.0,BabyBum Disposible Diapers
1000358,2430,82,1.0,BabyBum Disposible Diapers
1000359,2430,81,1.0,Pivotal Extra Stength Aspirin
1000360,2437,82,1.0,BabyBum Disposible Diapers
1000361,2437,81,1.0,Pivotal Extra Stength Aspirin
1000362,2449,82,1.0,BabyBum Disposible Diapers
1000363,2449,81,1.0,Pivotal Extra Stength Aspirin
1000364,2453,82,1.0,BabyBum Disposible Diapers
1000365,2453,81,1.0,Pivotal Extra Stength Aspirin
1000366,2461,82,1.0,BabyBum Disposible Diapers
1000367,2461,81,1.0,Pivotal Extra Stength Aspirin
1000368,2485,82,1.0,BabyBum Disposible Diapers
1000369,2509,81,1.0,Pivotal Extra Stength Aspirin
1000370,2521,82,1.0,BabyBum Disposible Diapers
1000371,2521,81,1.0,Pivotal Extra Stength Aspirin
1000372,2581,82,1.0,BabyBum Disposible Diapers
1000373,2585,82,1.0,BabyBum Disposible Diapers
1000374,2585,81,1.0,Pivotal Extra Stength Aspirin
1000375,2589,82,1.0,BabyBum Disposible Diapers
1000376,2589,81,1.0,Pivotal Extra Stength Aspirin
1000377,2601,82,1.0,BabyBum Disposible Diapers
1000378,2601,81,1.0,Pivotal Extra Stength Aspirin
1000379,2661,81,1.0,Pivotal Extra Stength Aspirin
1000380,2681,82,1.0,BabyBum Disposible Diapers
1000381,2681,81,1.0,Pivotal Extra Stength Aspirin
1000382,2689,82,1.0,BabyBum Disposible Diapers
1000383,2689,81,1.0,Pivotal Extra Stength Aspirin
1000384,25,82,1.0,BabyBum Disposible Diapers
1000385,29,81,1.0,Pivotal Extra Stength Aspirin
1000386,37,82,1.0,BabyBum Disposible Diapers
1000387,37,81,1.0,Pivotal Extra Stength Aspirin
1000388,57,82,1.0,BabyBum Disposible Diapers
1000389,93,82,1.0,BabyBum Disposible Diapers
1000390,93,81,1.0,Pivotal Extra Stength Aspirin
1000391,109,82,1.0,BabyBum Disposible Diapers
1000392,109,81,1.0,Pivotal Extra Stength Aspirin
1000393,113,82,1.0,BabyBum Disposible Diapers
1000394,113,81,1.0,Pivotal Extra Stength Aspirin
1000395,129,82,1.0,BabyBum Disposible Diapers
1000396,137,81,1.0,Pivotal Extra Stength Aspirin
1000397,177,81,1.0,Pivotal Extra Stength Aspirin
1000398,181,81,1.0,Pivotal Extra Stength Aspirin
1000399,204,82,1.0,BabyBum Disposible Diapers
1000400,208,82,1.0,BabyBum Disposible Diapers
1000401,208,81,1.0,Pivotal Extra Stength Aspirin
1000402,220,82,1.0,BabyBum Disposible Diapers
1000403,220,81,1.0,Pivotal Extra Stength Aspirin
1000404,244,82,1.0,BabyBum Disposible Diapers
1000405,272,81,1.0,Pivotal Extra Stength Aspirin
1000406,308,81,1.0,Pivotal Extra Stength Aspirin
1000407,312,82,1.0,BabyBum Disposible Diapers
1000408,316,82,1.0,BabyBum Disposible Diapers
1000409,316,81,1.0,Pivotal Extra Stength Aspirin
1000410,328,82,1.0,BabyBum Disposible Diapers
1000411,328,81,1.0,Pivotal Extra Stength Aspirin
1000412,340,82,1.0,BabyBum Disposible Diapers
1000413,352,82,1.0,BabyBum Disposible Diapers
1000414,352,81,1.0,Pivotal Extra Stength Aspirin
1000415,404,82,1.0,BabyBum Disposible Diapers
1000416,404,81,1.0,Pivotal Extra Stength Aspirin
1000417,408,81,1.0,Pivotal Extra Stength Aspirin
1000418,420,82,1.0,BabyBum Disposible Diapers
1000419,420,81,1.0,Pivotal Extra Stength Aspirin
1000420,471,82,1.0,BabyBum Disposible Diapers
1000421,471,81,1.0,Pivotal Extra Stength Aspirin
1000422,483,81,1.0,Pivotal Extra Stength Aspirin
1000423,543,82,1.0,BabyBum Disposible Diapers
1000424,543,81,1.0,Pivotal Extra Stength Aspirin
1000425,551,82,1.0,BabyBum Disposible Diapers
1000426,551,81,1.0,Pivotal Extra Stength Aspirin
1000427,563,82,1.0,BabyBum Disposible Diapers
1000428,563,81,1.0,Pivotal Extra Stength Aspirin
1000429,567,82,1.0,BabyBum Disposible Diapers
1000430,567,81,1.0,Pivotal Extra Stength Aspirin
1000431,591,81,1.0,Pivotal Extra Stength Aspirin
1000432,595,82,1.0,BabyBum Disposible Diapers
1000433,595,81,1.0,Pivotal Extra Stength Aspirin
1000434,599,82,1.0,BabyBum Disposible Diapers
1000435,599,81,1.0,Pivotal Extra Stength Aspirin
1000436,615,82,1.0,BabyBum Disposible Diapers
1000437,623,82,1.0,BabyBum Disposible Diapers
1000438,623,81,1.0,Pivotal Extra Stength Aspirin
1000439,635,81,1.0,Pivotal Extra Stength Aspirin
1000440,675,82,1.0,BabyBum Disposible Diapers
1000441,687,82,1.0,BabyBum Disposible Diapers
1000442,711,82,1.0,BabyBum Disposible Diapers
1000443,770,82,1.0,BabyBum Disposible Diapers
1000444,782,82,1.0,BabyBum Disposible Diapers
1000445,782,81,1.0,Pivotal Extra Stength Aspirin
1000446,806,82,1.0,BabyBum Disposible Diapers
1000447,806,81,1.0,Pivotal Extra Stength Aspirin
1000448,818,82,1.0,BabyBum Disposible Diapers
1000449,818,81,1.0,Pivotal Extra Stength Aspirin
1000450,850,81,1.0,Pivotal Extra Stength Aspirin
1000451,870,82,1.0,BabyBum Disposible Diapers
1000452,882,81,1.0,Pivotal Extra Stength Aspirin
1000453,910,82,1.0,BabyBum Disposible Diapers
1000454,910,81,1.0,Pivotal Extra Stength Aspirin
1000455,934,81,1.0,Pivotal Extra Stength Aspirin
1000456,942,81,1.0,Pivotal Extra Stength Aspirin
1000457,954,82,1.0,BabyBum Disposible Diapers
1000458,969,82,1.0,BabyBum Disposible Diapers
1000459,969,81,1.0,Pivotal Extra Stength Aspirin
1000460,985,81,1.0,Pivotal Extra Stength Aspirin
1000461,1006,82,1.0,BabyBum Disposible Diapers
1000462,1006,81,1.0,Pivotal Extra Stength Aspirin
1000463,1014,82,1.0,BabyBum Disposible Diapers
1000464,1014,81,1.0,Pivotal Extra Stength Aspirin
1000465,1034,82,1.0,BabyBum Disposible Diapers
1000466,1034,81,1.0,Pivotal Extra Stength Aspirin
1000467,1082,81,1.0,Pivotal Extra Stength Aspirin
1000468,1094,82,1.0,BabyBum Disposible Diapers
1000469,1102,82,1.0,BabyBum Disposible Diapers
1000470,1122,81,1.0,Pivotal Extra Stength Aspirin
1000471,1177,82,1.0,BabyBum Disposible Diapers
1000472,1177,81,1.0,Pivotal Extra Stength Aspirin
1000473,1249,81,1.0,Pivotal Extra Stength Aspirin
1000474,1265,82,1.0,BabyBum Disposible Diapers
1000475,1265,81,1.0,Pivotal Extra Stength Aspirin
1000476,1317,82,1.0,BabyBum Disposible Diapers
1000477,1317,81,1.0,Pivotal Extra Stength Aspirin
1000478,1353,82,1.0,BabyBum Disposible Diapers
1000479,1353,81,1.0,Pivotal Extra Stength Aspirin
1000480,1357,82,1.0,BabyBum Disposible Diapers
1000481,1385,82,1.0,BabyBum Disposible Diapers
1000482,1385,81,1.0,Pivotal Extra Stength Aspirin
1000483,1405,82,1.0,BabyBum Disposible Diapers
1000484,1405,81,1.0,Pivotal Extra Stength Aspirin
1000485,1409,81,1.0,Pivotal Extra Stength Aspirin
1000486,1448,81,1.0,Pivotal Extra Stength Aspirin
1000487,1484,82,1.0,BabyBum Disposible Diapers
1000488,1484,81,1.0,Pivotal Extra Stength Aspirin
1000489,1488,81,1.0,Pivotal Extra Stength Aspirin
1000490,1492,82,1.0,BabyBum Disposible Diapers
1000491,1512,82,1.0,BabyBum Disposible Diapers
1000492,1512,81,1.0,Pivotal Extra Stength Aspirin
1000493,1536,82,1.0,BabyBum Disposible Diapers
1000494,1536,81,1.0,Pivotal Extra Stength Aspirin
1000495,1564,82,1.0,BabyBum Disposible Diapers
1000496,1564,81,1.0,Pivotal Extra Stength Aspirin
1000497,1576,82,1.0,BabyBum Disposible Diapers
1000498,1576,81,1.0,Pivotal Extra Stength Aspirin
1000499,1604,82,1.0,BabyBum Disposible Diapers
1000500,1604,81,1.0,Pivotal Extra Stength Aspirin
1000501,1612,81,1.0,Pivotal Extra Stength Aspirin
1000502,1648,82,1.0,BabyBum Disposible Diapers
1000503,1648,81,1.0,Pivotal Extra Stength Aspirin
1000504,1652,82,1.0,BabyBum Disposible Diapers
1000505,1652,81,1.0,Pivotal Extra Stength Aspirin
1000506,1672,82,1.0,BabyBum Disposible Diapers
1000507,1679,81,1.0,Pivotal Extra Stength Aspirin
1000508,1711,81,1.0,Pivotal Extra Stength Aspirin
1000509,1735,82,1.0,BabyBum Disposible Diapers
1000510,1735,81,1.0,Pivotal Extra Stength Aspirin
1000511,1775,82,1.0,BabyBum Disposible Diapers
1000512,1775,81,1.0,Pivotal Extra Stength Aspirin
1000513,1787,82,1.0,BabyBum Disposible Diapers
1000514,1787,81,1.0,Pivotal Extra Stength Aspirin
1000515,1819,82,1.0,BabyBum Disposible Diapers
1000516,1835,82,1.0,BabyBum Disposible Diapers
1000517,1867,82,1.0,BabyBum Disposible Diapers
1000518,1875,82,1.0,BabyBum Disposible Diapers
1000519,1875,81,1.0,Pivotal Extra Stength Aspirin
1000520,1923,82,1.0,BabyBum Disposible Diapers
1000521,1923,81,1.0,Pivotal Extra Stength Aspirin
1000522,1986,82,1.0,BabyBum Disposible Diapers
1000523,2006,82,1.0,BabyBum Disposible Diapers
1000524,2006,81,1.0,Pivotal Extra Stength Aspirin
1000525,2010,82,1.0,BabyBum Disposible Diapers
1000526,2010,81,1.0,Pivotal Extra Stength Aspirin
1000527,2022,82,1.0,BabyBum Disposible Diapers
1000528,2022,81,1.0,Pivotal Extra Stength Aspirin
1000529,2034,82,1.0,BabyBum Disposible Diapers
1000530,2034,81,1.0,Pivotal Extra Stength Aspirin
1000531,2042,82,1.0,BabyBum Disposible Diapers
1000532,2042,81,1.0,Pivotal Extra Stength Aspirin
1000533,2078,82,1.0,BabyBum Disposible Diapers
1000534,2078,81,1.0,Pivotal Extra Stength Aspirin
1000535,2086,82,1.0,BabyBum Disposible Diapers
1000536,2090,81,1.0,Pivotal Extra Stength Aspirin
1000537,2150,82,1.0,BabyBum Disposible Diapers
1000538,2150,81,1.0,Pivotal Extra Stength Aspirin
1000539,2162,82,1.0,BabyBum Disposible Diapers
1000540,2162,81,1.0,Pivotal Extra Stength Aspirin
1000541,2166,82,1.0,BabyBum Disposible Diapers
1000542,2174,82,1.0,BabyBum Disposible Diapers
1000543,2191,82,1.0,BabyBum Disposible Diapers
1000544,2191,81,1.0,Pivotal Extra Stength Aspirin
1000545,2219,82,1.0,BabyBum Disposible Diapers
1000546,2219,81,1.0,Pivotal Extra Stength Aspirin
1000547,2231,82,1.0,BabyBum Disposible Diapers
1000548,2231,81,1.0,Pivotal Extra Stength Aspirin
1000549,2235,82,1.0,BabyBum Disposible Diapers
1000550,2243,81,1.0,Pivotal Extra Stength Aspirin
1000551,2263,82,1.0,BabyBum Disposible Diapers
1000552,2267,82,1.0,BabyBum Disposible Diapers
1000553,2267,81,1.0,Pivotal Extra Stength Aspirin
1000554,2303,81,1.0,Pivotal Extra Stength Aspirin
1000555,2339,82,1.0,BabyBum Disposible Diapers
1000556,2343,81,1.0,Pivotal Extra Stength Aspirin
1000557,2347,82,1.0,BabyBum Disposible Diapers
1000558,2347,81,1.0,Pivotal Extra Stength Aspirin
1000559,2359,81,1.0,Pivotal Extra Stength Aspirin
1000560,2383,82,1.0,BabyBum Disposible Diapers
1000561,2395,82,1.0,BabyBum Disposible Diapers
1000562,2395,81,1.0,Pivotal Extra Stength Aspirin
1000563,2464,82,1.0,BabyBum Disposible Diapers
1000564,2464,81,1.0,Pivotal Extra Stength Aspirin
1000565,2540,81,1.0,Pivotal Extra Stength Aspirin
1000566,2544,81,1.0,Pivotal Extra Stength Aspirin
1000567,2572,82,1.0,BabyBum Disposible Diapers
1000568,2572,81,1.0,Pivotal Extra Stength Aspirin
1000569,2600,82,1.0,BabyBum Disposible Diapers
1000570,2608,82,1.0,BabyBum Disposible Diapers
1000571,2608,81,1.0,Pivotal Extra Stength Aspirin
1000572,2628,82,1.0,BabyBum Disposible Diapers
1000573,2636,82,1.0,BabyBum Disposible Diapers
1000574,2636,81,1.0,Pivotal Extra Stength Aspirin
1000575,2652,82,1.0,BabyBum Disposible Diapers
1000576,2652,81,1.0,Pivotal Extra Stength Aspirin
1000577,2688,82,1.0,BabyBum Disposible Diapers
1000578,2688,81,1.0,Pivotal Extra Stength Aspirin
1000579,2705,82,1.0,BabyBum Disposible Diapers
1000580,2705,81,1.0,Pivotal Extra Stength Aspirin
1000581,74,82,1.0,BabyBum Disposible Diapers
1000582,74,81,1.0,Pivotal Extra Stength Aspirin
1000583,78,82,1.0,BabyBum Disposible Diapers
1000584,78,81,1.0,Pivotal Extra Stength Aspirin
1000585,98,82,1.0,BabyBum Disposible Diapers
1000586,114,82,1.0,BabyBum Disposible Diapers
1000587,207,82,1.0,BabyBum Disposible Diapers
1000588,231,81,1.0,Pivotal Extra Stength Aspirin
1000589,275,81,1.0,Pivotal Extra Stength Aspirin
1000590,315,81,1.0,Pivotal Extra Stength Aspirin
1000591,319,82,1.0,BabyBum Disposible Diapers
1000592,335,82,1.0,BabyBum Disposible Diapers
1000593,335,81,1.0,Pivotal Extra Stength Aspirin
1000594,379,81,1.0,Pivotal Extra Stength Aspirin
1000595,395,81,1.0,Pivotal Extra Stength Aspirin
1000596,399,82,1.0,BabyBum Disposible Diapers
1000597,399,81,1.0,Pivotal Extra Stength Aspirin
1000598,419,82,1.0,BabyBum Disposible Diapers
1000599,419,81,1.0,Pivotal Extra Stength Aspirin
1000600,427,82,1.0,BabyBum Disposible Diapers
1000601,427,81,1.0,Pivotal Extra Stength Aspirin
1000602,451,81,1.0,Pivotal Extra Stength Aspirin
1000603,488,82,1.0,BabyBum Disposible Diapers
1000604,488,81,1.0,Pivotal Extra Stength Aspirin
1000605,500,82,1.0,BabyBum Disposible Diapers
1000606,516,82,1.0,BabyBum Disposible Diapers
1000607,516,81,1.0,Pivotal Extra Stength Aspirin
1000608,520,82,1.0,BabyBum Disposible Diapers
1000609,520,81,1.0,Pivotal Extra Stength Aspirin
1000610,536,82,1.0,BabyBum Disposible Diapers
1000611,540,82,1.0,BabyBum Disposible Diapers
1000612,540,81,1.0,Pivotal Extra Stength Aspirin
1000613,560,82,1.0,BabyBum Disposible Diapers
1000614,560,81,1.0,Pivotal Extra Stength Aspirin
1000615,572,82,1.0,BabyBum Disposible Diapers
1000616,580,82,1.0,BabyBum Disposible Diapers
1000617,580,81,1.0,Pivotal Extra Stength Aspirin
1000618,588,82,1.0,BabyBum Disposible Diapers
1000619,608,81,1.0,Pivotal Extra Stength Aspirin
1000620,624,82,1.0,BabyBum Disposible Diapers
1000621,624,81,1.0,Pivotal Extra Stength Aspirin
1000622,640,81,1.0,Pivotal Extra Stength Aspirin
1000623,664,82,1.0,BabyBum Disposible Diapers
1000624,664,81,1.0,Pivotal Extra Stength Aspirin
1000625,713,82,1.0,BabyBum Disposible Diapers
1000626,737,82,1.0,BabyBum Disposible Diapers
1000627,737,81,1.0,Pivotal Extra Stength Aspirin
1000628,761,81,1.0,Pivotal Extra Stength Aspirin
1000629,773,82,1.0,BabyBum Disposible Diapers
1000630,773,81,1.0,Pivotal Extra Stength Aspirin
1000631,777,82,1.0,BabyBum Disposible Diapers
1000632,829,81,1.0,Pivotal Extra Stength Aspirin
1000633,845,82,1.0,BabyBum Disposible Diapers
1000634,853,82,1.0,BabyBum Disposible Diapers
1000635,853,81,1.0,Pivotal Extra Stength Aspirin
1000636,881,82,1.0,BabyBum Disposible Diapers
1000637,885,82,1.0,BabyBum Disposible Diapers
1000638,885,81,1.0,Pivotal Extra Stength Aspirin
1000639,897,81,1.0,Pivotal Extra Stength Aspirin
1000640,933,82,1.0,BabyBum Disposible Diapers
1000641,933,81,1.0,Pivotal Extra Stength Aspirin
1000642,953,82,1.0,BabyBum Disposible Diapers
1000643,957,82,1.0,BabyBum Disposible Diapers
1000644,957,81,1.0,Pivotal Extra Stength Aspirin
1000645,1017,82,1.0,BabyBum Disposible Diapers
1000646,1049,82,1.0,BabyBum Disposible Diapers
1000647,1049,81,1.0,Pivotal Extra Stength Aspirin
1000648,1061,82,1.0,BabyBum Disposible Diapers
1000649,1061,81,1.0,Pivotal Extra Stength Aspirin
1000650,1153,82,1.0,BabyBum Disposible Diapers
1000651,1153,81,1.0,Pivotal Extra Stength Aspirin
1000652,1174,82,1.0,BabyBum Disposible Diapers
1000653,1174,81,1.0,Pivotal Extra Stength Aspirin
1000654,1190,82,1.0,BabyBum Disposible Diapers
1000655,1190,81,1.0,Pivotal Extra Stength Aspirin
1000656,1202,82,1.0,BabyBum Disposible Diapers
1000657,1202,81,1.0,Pivotal Extra Stength Aspirin
1000658,1206,81,1.0,Pivotal Extra Stength Aspirin
1000659,1230,81,1.0,Pivotal Extra Stength Aspirin
1000660,1242,82,1.0,BabyBum Disposible Diapers
1000661,1266,81,1.0,Pivotal Extra Stength Aspirin
1000662,1302,82,1.0,BabyBum Disposible Diapers
1000663,1330,81,1.0,Pivotal Extra Stength Aspirin
1000664,1382,81,1.0,Pivotal Extra Stength Aspirin
1000665,1390,81,1.0,Pivotal Extra Stength Aspirin
1000666,1443,81,1.0,Pivotal Extra Stength Aspirin
1000667,1471,82,1.0,BabyBum Disposible Diapers
1000668,1471,81,1.0,Pivotal Extra Stength Aspirin
1000669,1483,82,1.0,BabyBum Disposible Diapers
1000670,1483,81,1.0,Pivotal Extra Stength Aspirin
1000671,1507,82,1.0,BabyBum Disposible Diapers
1000672,1507,81,1.0,Pivotal Extra Stength Aspirin
1000673,1535,81,1.0,Pivotal Extra Stength Aspirin
1000674,1607,82,1.0,BabyBum Disposible Diapers
1000675,1635,82,1.0,BabyBum Disposible Diapers
1000676,1643,82,1.0,BabyBum Disposible Diapers
1000677,1663,82,1.0,BabyBum Disposible Diapers
1000678,1663,81,1.0,Pivotal Extra Stength Aspirin
1000679,1680,82,1.0,BabyBum Disposible Diapers
1000680,1684,82,1.0,BabyBum Disposible Diapers
1000681,1684,81,1.0,Pivotal Extra Stength Aspirin
1000682,1696,82,1.0,BabyBum Disposible Diapers
1000683,1696,81,1.0,Pivotal Extra Stength Aspirin
1000684,1716,82,1.0,BabyBum Disposible Diapers
1000685,1720,82,1.0,BabyBum Disposible Diapers
1000686,1720,81,1.0,Pivotal Extra Stength Aspirin
1000687,1740,82,1.0,BabyBum Disposible Diapers
1000688,1740,81,1.0,Pivotal Extra Stength Aspirin
1000689,1756,82,1.0,BabyBum Disposible Diapers
1000690,1756,81,1.0,Pivotal Extra Stength Aspirin
1000691,1764,82,1.0,BabyBum Disposible Diapers
1000692,1764,81,1.0,Pivotal Extra Stength Aspirin
1000693,1804,82,1.0,BabyBum Disposible Diapers
1000694,1804,81,1.0,Pivotal Extra Stength Aspirin
1000695,1812,82,1.0,BabyBum Disposible Diapers
1000696,1848,82,1.0,BabyBum Disposible Diapers
1000697,1852,82,1.0,BabyBum Disposible Diapers
1000698,1856,81,1.0,Pivotal Extra Stength Aspirin
1000699,1884,81,1.0,Pivotal Extra Stength Aspirin
1000700,1896,82,1.0,BabyBum Disposible Diapers
1000701,1896,81,1.0,Pivotal Extra Stength Aspirin
1000702,1989,82,1.0,BabyBum Disposible Diapers
1000703,1989,81,1.0,Pivotal Extra Stength Aspirin
1000704,2001,81,1.0,Pivotal Extra Stength Aspirin
1000705,2049,82,1.0,BabyBum Disposible Diapers
1000706,2053,82,1.0,BabyBum Disposible Diapers
1000707,2053,81,1.0,Pivotal Extra Stength Aspirin
1000708,2057,82,1.0,BabyBum Disposible Diapers
1000709,2057,81,1.0,Pivotal Extra Stength Aspirin
1000710,2093,82,1.0,BabyBum Disposible Diapers
1000711,2113,82,1.0,BabyBum Disposible Diapers
1000712,2113,81,1.0,Pivotal Extra Stength Aspirin
1000713,2125,82,1.0,BabyBum Disposible Diapers
1000714,2125,81,1.0,Pivotal Extra Stength Aspirin
1000715,2165,82,1.0,BabyBum Disposible Diapers
1000716,2165,81,1.0,Pivotal Extra Stength Aspirin
1000717,2184,81,1.0,Pivotal Extra Stength Aspirin
1000718,2188,81,1.0,Pivotal Extra Stength Aspirin
1000719,2212,81,1.0,Pivotal Extra Stength Aspirin
1000720,2244,82,1.0,BabyBum Disposible Diapers
1000721,2244,81,1.0,Pivotal Extra Stength Aspirin
1000722,2264,82,1.0,BabyBum Disposible Diapers
1000723,2280,81,1.0,Pivotal Extra Stength Aspirin
1000724,2324,82,1.0,BabyBum Disposible Diapers
1000725,2324,81,1.0,Pivotal Extra Stength Aspirin
1000726,2328,82,1.0,BabyBum Disposible Diapers
1000727,2344,81,1.0,Pivotal Extra Stength Aspirin
1000728,2388,82,1.0,BabyBum Disposible Diapers
1000729,2388,81,1.0,Pivotal Extra Stength Aspirin
1000730,2392,82,1.0,BabyBum Disposible Diapers
1000731,2392,81,1.0,Pivotal Extra Stength Aspirin
1000732,2400,82,1.0,BabyBum Disposible Diapers
1000733,2400,81,1.0,Pivotal Extra Stength Aspirin
1000734,2404,82,1.0,BabyBum Disposible Diapers
1000735,2404,81,1.0,Pivotal Extra Stength Aspirin
1000736,2420,82,1.0,BabyBum Disposible Diapers
1000737,2420,81,1.0,Pivotal Extra Stength Aspirin
1000738,2432,82,1.0,BabyBum Disposible Diapers
1000739,2432,81,1.0,Pivotal Extra Stength Aspirin
1000740,2447,82,1.0,BabyBum Disposible Diapers
1000741,2451,82,1.0,BabyBum Disposible Diapers
1000742,2451,81,1.0,Pivotal Extra Stength Aspirin
1000743,2455,81,1.0,Pivotal Extra Stength Aspirin
1000744,2463,81,1.0,Pivotal Extra Stength Aspirin
1000745,2475,82,1.0,BabyBum Disposible Diapers
1000746,2479,82,1.0,BabyBum Disposible Diapers
1000747,2491,82,1.0,BabyBum Disposible Diapers
1000748,2491,81,1.0,Pivotal Extra Stength Aspirin
1000749,2523,81,1.0,Pivotal Extra Stength Aspirin
1000750,2535,82,1.0,BabyBum Disposible Diapers
1000751,2539,82,1.0,BabyBum Disposible Diapers
1000752,2543,81,1.0,Pivotal Extra Stength Aspirin
1000753,2551,82,1.0,BabyBum Disposible Diapers
1000754,2559,82,1.0,BabyBum Disposible Diapers
1000755,2559,81,1.0,Pivotal Extra Stength Aspirin
1000756,2563,82,1.0,BabyBum Disposible Diapers
1000757,2611,81,1.0,Pivotal Extra Stength Aspirin
1000758,2651,82,1.0,BabyBum Disposible Diapers
1000759,2663,81,1.0,Pivotal Extra Stength Aspirin
1000760,2723,82,1.0,BabyBum Disposible Diapers
1000761,2723,81,1.0,Pivotal Extra Stength Aspirin
1000762,2727,82,1.0,BabyBum Disposible Diapers
1000763,2727,81,1.0,Pivotal Extra Stength Aspirin
1000764,2731,81,1.0,Pivotal Extra Stength Aspirin
1000765,2739,82,1.0,BabyBum Disposible Diapers
1000766,2743,81,1.0,Pivotal Extra Stength Aspirin
1000767,2747,82,1.0,BabyBum Disposible Diapers
1000768,2767,82,1.0,BabyBum Disposible Diapers
1000769,2779,82,1.0,BabyBum Disposible Diapers
1000770,2779,81,1.0,Pivotal Extra Stength Aspirin
1000771,2819,82,1.0,BabyBum Disposible Diapers
1000772,2819,81,1.0,Pivotal Extra Stength Aspirin
1000773,2839,82,1.0,BabyBum Disposible Diapers
1000774,2839,81,1.0,Pivotal Extra Stength Aspirin
1000775,2859,81,1.0,Pivotal Extra Stength Aspirin
1000776,2867,82,1.0,BabyBum Disposible Diapers
1000777,2895,81,1.0,Pivotal Extra Stength Aspirin
1000778,2899,82,1.0,BabyBum Disposible Diapers
1000779,2899,81,1.0,Pivotal Extra Stength Aspirin
1000780,2903,82,1.0,BabyBum Disposible Diapers
1000781,2903,81,1.0,Pivotal Extra Stength Aspirin
1000782,2923,82,1.0,BabyBum Disposible Diapers
1000783,2947,82,1.0,BabyBum Disposible Diapers
1000784,2947,81,1.0,Pivotal Extra Stength Aspirin
1000785,2988,81,1.0,Pivotal Extra Stength Aspirin
1000786,3014,82,1.0,BabyBum Disposible Diapers
1000787,3022,82,1.0,BabyBum Disposible Diapers
1000788,3034,82,1.0,BabyBum Disposible Diapers
1000789,3038,82,1.0,BabyBum Disposible Diapers
1000790,3054,82,1.0,BabyBum Disposible Diapers
1000791,3054,81,1.0,Pivotal Extra Stength Aspirin
1000792,3094,82,1.0,BabyBum Disposible Diapers
1000793,3094,81,1.0,Pivotal Extra Stength Aspirin
1000794,3098,82,1.0,BabyBum Disposible Diapers
1000795,3098,81,1.0,Pivotal Extra Stength Aspirin
1000796,3155,82,1.0,BabyBum Disposible Diapers
1000797,3155,81,1.0,Pivotal Extra Stength Aspirin
1000798,3159,82,1.0,BabyBum Disposible Diapers
1000799,3171,81,1.0,Pivotal Extra Stength Aspirin
1000800,3179,82,1.0,BabyBum Disposible Diapers
1000801,3203,81,1.0,Pivotal Extra Stength Aspirin
1000802,3207,82,1.0,BabyBum Disposible Diapers
1000803,3223,81,1.0,Pivotal Extra Stength Aspirin
1000804,3259,82,1.0,BabyBum Disposible Diapers
1000805,3287,81,1.0,Pivotal Extra Stength Aspirin
1000806,3291,82,1.0,BabyBum Disposible Diapers
1000807,3295,82,1.0,BabyBum Disposible Diapers
1000808,3295,81,1.0,Pivotal Extra Stength Aspirin
1000809,3299,81,1.0,Pivotal Extra Stength Aspirin
1000810,3303,81,1.0,Pivotal Extra Stength Aspirin
1000811,3319,82,1.0,BabyBum Disposible Diapers
1000812,3343,81,1.0,Pivotal Extra Stength Aspirin
1000813,3351,82,1.0,BabyBum Disposible Diapers
1000814,3351,81,1.0,Pivotal Extra Stength Aspirin
1000815,3375,81,1.0,Pivotal Extra Stength Aspirin
1000816,3391,82,1.0,BabyBum Disposible Diapers
1000817,3391,81,1.0,Pivotal Extra Stength Aspirin
1000818,3399,81,1.0,Pivotal Extra Stength Aspirin
1000819,3420,82,1.0,BabyBum Disposible Diapers
1000820,3420,81,1.0,Pivotal Extra Stength Aspirin
1000821,3428,82,1.0,BabyBum Disposible Diapers
1000822,3428,81,1.0,Pivotal Extra Stength Aspirin
1000823,3432,82,1.0,BabyBum Disposible Diapers
1000824,3432,81,1.0,Pivotal Extra Stength Aspirin
1000825,3440,82,1.0,BabyBum Disposible Diapers
1000826,3440,81,1.0,Pivotal Extra Stength Aspirin
1000827,3452,82,1.0,BabyBum Disposible Diapers
1000828,3452,81,1.0,Pivotal Extra Stength Aspirin
1000829,3472,82,1.0,BabyBum Disposible Diapers
1000830,3504,81,1.0,Pivotal Extra Stength Aspirin
1000831,3512,82,1.0,BabyBum Disposible Diapers
1000832,3512,81,1.0,Pivotal Extra Stength Aspirin
1000833,3520,81,1.0,Pivotal Extra Stength Aspirin
1000834,3544,82,1.0,BabyBum Disposible Diapers
1000835,3564,82,1.0,BabyBum Disposible Diapers
1000836,3568,81,1.0,Pivotal Extra Stength Aspirin
1000837,3576,82,1.0,BabyBum Disposible Diapers
1000838,3576,81,1.0,Pivotal Extra Stength Aspirin
1000839,3580,82,1.0,BabyBum Disposible Diapers
1000840,3580,81,1.0,Pivotal Extra Stength Aspirin
1000841,3588,82,1.0,BabyBum Disposible Diapers
1000842,3604,82,1.0,BabyBum Disposible Diapers
1000843,3604,81,1.0,Pivotal Extra Stength Aspirin
1000844,3628,82,1.0,BabyBum Disposible Diapers
1000845,3628,81,1.0,Pivotal Extra Stength Aspirin
1000846,3640,82,1.0,BabyBum Disposible Diapers
1000847,3640,81,1.0,Pivotal Extra Stength Aspirin
1000848,3677,82,1.0,BabyBum Disposible Diapers
1000849,3677,81,1.0,Pivotal Extra Stength Aspirin
1000850,3741,82,1.0,BabyBum Disposible Diapers
1000851,3741,81,1.0,Pivotal Extra Stength Aspirin
1000852,3749,82,1.0,BabyBum Disposible Diapers
1000853,3749,81,1.0,Pivotal Extra Stength Aspirin
1000854,3805,82,1.0,BabyBum Disposible Diapers
1000855,3805,81,1.0,Pivotal Extra Stength Aspirin
1000856,3809,82,1.0,BabyBum Disposible Diapers
1000857,3817,82,1.0,BabyBum Disposible Diapers
1000858,3845,82,1.0,BabyBum Disposible Diapers
1000859,3845,81,1.0,Pivotal Extra Stength Aspirin
1000860,3861,82,1.0,BabyBum Disposible Diapers
1000861,3861,81,1.0,Pivotal Extra Stength Aspirin
1000862,3877,82,1.0,BabyBum Disposible Diapers
1000863,3881,82,1.0,BabyBum Disposible Diapers
1000864,3885,82,1.0,BabyBum Disposible Diapers
1000865,3885,81,1.0,Pivotal Extra Stength Aspirin
1000866,3958,82,1.0,BabyBum Disposible Diapers
1000867,3958,81,1.0,Pivotal Extra Stength Aspirin
1000868,4005,82,1.0,BabyBum Disposible Diapers
1000869,4005,81,1.0,Pivotal Extra Stength Aspirin
1000870,4013,81,1.0,Pivotal Extra Stength Aspirin
1000871,4017,82,1.0,BabyBum Disposible Diapers
1000872,4017,81,1.0,Pivotal Extra Stength Aspirin
1000873,4037,82,1.0,BabyBum Disposible Diapers
1000874,4037,81,1.0,Pivotal Extra Stength Aspirin
1000875,4041,82,1.0,BabyBum Disposible Diapers
1000876,4049,82,1.0,BabyBum Disposible Diapers
1000877,4081,82,1.0,BabyBum Disposible Diapers
1000878,4109,82,1.0,BabyBum Disposible Diapers
1000879,4109,81,1.0,Pivotal Extra Stength Aspirin
1000880,4126,81,1.0,Pivotal Extra Stength Aspirin
1000881,4154,81,1.0,Pivotal Extra Stength Aspirin
1000882,4174,82,1.0,BabyBum Disposible Diapers
1000883,4198,81,1.0,Pivotal Extra Stength Aspirin
1000884,4218,82,1.0,BabyBum Disposible Diapers
1000885,4238,81,1.0,Pivotal Extra Stength Aspirin
1000886,4258,81,1.0,Pivotal Extra Stength Aspirin
1000887,4266,82,1.0,BabyBum Disposible Diapers
1000888,4266,81,1.0,Pivotal Extra Stength Aspirin
1000889,4270,82,1.0,BabyBum Disposible Diapers
1000890,4270,81,1.0,Pivotal Extra Stength Aspirin
1000891,4282,82,1.0,BabyBum Disposible Diapers
1000892,4298,81,1.0,Pivotal Extra Stength Aspirin
1000893,4306,82,1.0,BabyBum Disposible Diapers
1000894,4306,81,1.0,Pivotal Extra Stength Aspirin
1000895,4310,82,1.0,BabyBum Disposible Diapers
1000896,4310,81,1.0,Pivotal Extra Stength Aspirin
1000897,4326,81,1.0,Pivotal Extra Stength Aspirin
1000898,4334,82,1.0,BabyBum Disposible Diapers
1000899,4334,81,1.0,Pivotal Extra Stength Aspirin
1000900,4346,81,1.0,Pivotal Extra Stength Aspirin
1000901,4387,81,1.0,Pivotal Extra Stength Aspirin
1000902,4403,82,1.0,BabyBum Disposible Diapers
1000903,4403,81,1.0,Pivotal Extra Stength Aspirin
1000904,4427,82,1.0,BabyBum Disposible Diapers
1000905,4427,81,1.0,Pivotal Extra Stength Aspirin
1000906,4439,82,1.0,BabyBum Disposible Diapers
1000907,4439,81,1.0,Pivotal Extra Stength Aspirin
1000908,4451,82,1.0,BabyBum Disposible Diapers
1000909,4451,81,1.0,Pivotal Extra Stength Aspirin
1000910,4463,81,1.0,Pivotal Extra Stength Aspirin
1000911,4487,82,1.0,BabyBum Disposible Diapers
1000912,4487,81,1.0,Pivotal Extra Stength Aspirin
1000913,4535,82,1.0,BabyBum Disposible Diapers
1000914,4535,81,1.0,Pivotal Extra Stength Aspirin
1000915,4543,82,1.0,BabyBum Disposible Diapers
1000916,4543,81,1.0,Pivotal Extra Stength Aspirin
1000917,4587,82,1.0,BabyBum Disposible Diapers
1000918,4587,81,1.0,Pivotal Extra Stength Aspirin
1000919,4640,82,1.0,BabyBum Disposible Diapers
1000920,4640,81,1.0,Pivotal Extra Stength Aspirin
1000921,4644,82,1.0,BabyBum Disposible Diapers
1000922,4644,81,1.0,Pivotal Extra Stength Aspirin
1000923,4672,81,1.0,Pivotal Extra Stength Aspirin
1000924,4724,82,1.0,BabyBum Disposible Diapers
1000925,4724,81,1.0,Pivotal Extra Stength Aspirin
1000926,4728,82,1.0,BabyBum Disposible Diapers
1000927,4732,82,1.0,BabyBum Disposible Diapers
1000928,4732,81,1.0,Pivotal Extra Stength Aspirin
1000929,4736,82,1.0,BabyBum Disposible Diapers
1000930,4736,81,1.0,Pivotal Extra Stength Aspirin
1000931,4792,82,1.0,BabyBum Disposible Diapers
1000932,4792,81,1.0,Pivotal Extra Stength Aspirin
1000933,4796,82,1.0,BabyBum Disposible Diapers
1000934,4796,81,1.0,Pivotal Extra Stength Aspirin
1000935,4800,82,1.0,BabyBum Disposible Diapers
1000936,4800,81,1.0,Pivotal Extra Stength Aspirin
1000937,4880,81,1.0,Pivotal Extra Stength Aspirin
1000938,4965,82,1.0,BabyBum Disposible Diapers
1000939,4965,81,1.0,Pivotal Extra Stength Aspirin
1000940,4969,82,1.0,BabyBum Disposible Diapers
1000941,5052,82,1.0,BabyBum Disposible Diapers
1000942,5083,82,1.0,BabyBum Disposible Diapers
1000943,5083,81,1.0,Pivotal Extra Stength Aspirin
1000944,5103,82,1.0,BabyBum Disposible Diapers
1000945,5103,81,1.0,Pivotal Extra Stength Aspirin
1000946,5139,82,1.0,BabyBum Disposible Diapers
1000947,5139,81,1.0,Pivotal Extra Stength Aspirin
1000948,5163,82,1.0,BabyBum Disposible Diapers
1000949,5163,81,1.0,Pivotal Extra Stength Aspirin
1000950,5171,82,1.0,BabyBum Disposible Diapers
1000951,5171,81,1.0,Pivotal Extra Stength Aspirin
1000952,5179,82,1.0,BabyBum Disposible Diapers
1000953,5179,81,1.0,Pivotal Extra Stength Aspirin
1000954,5187,82,1.0,BabyBum Disposible Diapers
1000955,5187,81,1.0,Pivotal Extra Stength Aspirin
1000956,5227,82,1.0,BabyBum Disposible Diapers
1000957,5227,81,1.0,Pivotal Extra Stength Aspirin
1000958,5263,82,1.0,BabyBum Disposible Diapers
1000959,5263,81,1.0,Pivotal Extra Stength Aspirin
1000960,5275,81,1.0,Pivotal Extra Stength Aspirin
1000961,5287,82,1.0,BabyBum Disposible Diapers
1000962,5295,81,1.0,Pivotal Extra Stength Aspirin
1000963,5319,82,1.0,BabyBum Disposible Diapers
1000964,5319,81,1.0,Pivotal Extra Stength Aspirin
1000965,5327,82,1.0,BabyBum Disposible Diapers
1000966,5327,81,1.0,Pivotal Extra Stength Aspirin
1000967,5338,82,1.0,BabyBum Disposible Diapers
1000968,5338,81,1.0,Pivotal Extra Stength Aspirin
1000969,5370,82,1.0,BabyBum Disposible Diapers
1000970,5370,81,1.0,Pivotal Extra Stength Aspirin
1000971,5382,82,1.0,BabyBum Disposible Diapers
1000972,5382,81,1.0,Pivotal Extra Stength Aspirin
1000973,2784,82,1.0,BabyBum Disposible Diapers
1000974,2784,81,1.0,Pivotal Extra Stength Aspirin
1000975,2788,82,1.0,BabyBum Disposible Diapers
1000976,2788,81,1.0,Pivotal Extra Stength Aspirin
1000977,2804,82,1.0,BabyBum Disposible Diapers
1000978,2804,81,1.0,Pivotal Extra Stength Aspirin
1000979,2872,82,1.0,BabyBum Disposible Diapers
1000980,2872,81,1.0,Pivotal Extra Stength Aspirin
1000981,2908,82,1.0,BabyBum Disposible Diapers
1000982,2991,81,1.0,Pivotal Extra Stength Aspirin
1000983,2995,82,1.0,BabyBum Disposible Diapers
1000984,2999,82,1.0,BabyBum Disposible Diapers
1000985,2999,81,1.0,Pivotal Extra Stength Aspirin
1000986,3005,82,1.0,BabyBum Disposible Diapers
1000987,3005,81,1.0,Pivotal Extra Stength Aspirin
1000988,3009,82,1.0,BabyBum Disposible Diapers
1000989,3009,81,1.0,Pivotal Extra Stength Aspirin
1000990,3073,81,1.0,Pivotal Extra Stength Aspirin
1000991,3077,82,1.0,BabyBum Disposible Diapers
1000992,3085,81,1.0,Pivotal Extra Stength Aspirin
1000993,3101,81,1.0,Pivotal Extra Stength Aspirin
1000994,3133,81,1.0,Pivotal Extra Stength Aspirin
1000995,3200,82,1.0,BabyBum Disposible Diapers
1000996,3216,82,1.0,BabyBum Disposible Diapers
1000997,3220,81,1.0,Pivotal Extra Stength Aspirin
1000998,3224,82,1.0,BabyBum Disposible Diapers
1000999,3232,82,1.0,BabyBum Disposible Diapers
1001000,3244,81,1.0,Pivotal Extra Stength Aspirin
1001001,3252,82,1.0,BabyBum Disposible Diapers
1001002,3256,81,1.0,Pivotal Extra Stength Aspirin
1001003,3304,81,1.0,Pivotal Extra Stength Aspirin
1001004,3328,81,1.0,Pivotal Extra Stength Aspirin
1001005,3332,82,1.0,BabyBum Disposible Diapers
1001006,3332,81,1.0,Pivotal Extra Stength Aspirin
1001007,3336,82,1.0,BabyBum Disposible Diapers
1001008,3336,81,1.0,Pivotal Extra Stength Aspirin
1001009,3364,82,1.0,BabyBum Disposible Diapers
1001010,3364,81,1.0,Pivotal Extra Stength Aspirin
1001011,3384,81,1.0,Pivotal Extra Stength Aspirin
1001012,3400,82,1.0,BabyBum Disposible Diapers
1001013,3419,81,1.0,Pivotal Extra Stength Aspirin
1001014,3427,81,1.0,Pivotal Extra Stength Aspirin
1001015,3459,81,1.0,Pivotal Extra Stength Aspirin
1001016,3471,82,1.0,BabyBum Disposible Diapers
1001017,3471,81,1.0,Pivotal Extra Stength Aspirin
1001018,3483,81,1.0,Pivotal Extra Stength Aspirin
1001019,3495,82,1.0,BabyBum Disposible Diapers
1001020,3531,81,1.0,Pivotal Extra Stength Aspirin
1001021,3547,82,1.0,BabyBum Disposible Diapers
1001022,3547,81,1.0,Pivotal Extra Stength Aspirin
1001023,3567,82,1.0,BabyBum Disposible Diapers
1001024,3567,81,1.0,Pivotal Extra Stength Aspirin
1001025,3595,82,1.0,BabyBum Disposible Diapers
1001026,3607,82,1.0,BabyBum Disposible Diapers
1001027,3607,81,1.0,Pivotal Extra Stength Aspirin
1001028,3611,82,1.0,BabyBum Disposible Diapers
1001029,3611,81,1.0,Pivotal Extra Stength Aspirin
1001030,3643,82,1.0,BabyBum Disposible Diapers
1001031,3655,81,1.0,Pivotal Extra Stength Aspirin
1001032,3666,82,1.0,BabyBum Disposible Diapers
1001033,3730,82,1.0,BabyBum Disposible Diapers
1001034,3730,81,1.0,Pivotal Extra Stength Aspirin
1001035,3742,82,1.0,BabyBum Disposible Diapers
1001036,3766,81,1.0,Pivotal Extra Stength Aspirin
1001037,3810,82,1.0,BabyBum Disposible Diapers
1001038,3810,81,1.0,Pivotal Extra Stength Aspirin
1001039,3814,81,1.0,Pivotal Extra Stength Aspirin
1001040,3830,81,1.0,Pivotal Extra Stength Aspirin
1001041,3854,82,1.0,BabyBum Disposible Diapers
1001042,3882,81,1.0,Pivotal Extra Stength Aspirin
1001043,3890,82,1.0,BabyBum Disposible Diapers
1001044,3890,81,1.0,Pivotal Extra Stength Aspirin
1001045,3933,82,1.0,BabyBum Disposible Diapers
1001046,3949,81,1.0,Pivotal Extra Stength Aspirin
1001047,3961,82,1.0,BabyBum Disposible Diapers
1001048,3961,81,1.0,Pivotal Extra Stength Aspirin
1001049,3965,81,1.0,Pivotal Extra Stength Aspirin
1001050,3969,82,1.0,BabyBum Disposible Diapers
1001051,4044,82,1.0,BabyBum Disposible Diapers
1001052,4096,82,1.0,BabyBum Disposible Diapers
1001053,4112,82,1.0,BabyBum Disposible Diapers
1001054,4112,81,1.0,Pivotal Extra Stength Aspirin
1001055,4135,81,1.0,Pivotal Extra Stength Aspirin
1001056,4151,82,1.0,BabyBum Disposible Diapers
1001057,4167,82,1.0,BabyBum Disposible Diapers
1001058,4171,82,1.0,BabyBum Disposible Diapers
1001059,4171,81,1.0,Pivotal Extra Stength Aspirin
1001060,4175,82,1.0,BabyBum Disposible Diapers
1001061,4191,81,1.0,Pivotal Extra Stength Aspirin
1001062,4215,82,1.0,BabyBum Disposible Diapers
1001063,4235,82,1.0,BabyBum Disposible Diapers
1001064,4283,82,1.0,BabyBum Disposible Diapers
1001065,4295,81,1.0,Pivotal Extra Stength Aspirin
1001066,4307,81,1.0,Pivotal Extra Stength Aspirin
1001067,4327,82,1.0,BabyBum Disposible Diapers
1001068,4327,81,1.0,Pivotal Extra Stength Aspirin
1001069,4331,82,1.0,BabyBum Disposible Diapers
1001070,4331,81,1.0,Pivotal Extra Stength Aspirin
1001071,4335,82,1.0,BabyBum Disposible Diapers
1001072,4335,81,1.0,Pivotal Extra Stength Aspirin
1001073,4339,81,1.0,Pivotal Extra Stength Aspirin
1001074,4347,82,1.0,BabyBum Disposible Diapers
1001075,4347,81,1.0,Pivotal Extra Stength Aspirin
1001076,4371,82,1.0,BabyBum Disposible Diapers
1001077,4371,81,1.0,Pivotal Extra Stength Aspirin
1001078,4375,82,1.0,BabyBum Disposible Diapers
1001079,4430,82,1.0,BabyBum Disposible Diapers
1001080,4430,81,1.0,Pivotal Extra Stength Aspirin
1001081,4434,82,1.0,BabyBum Disposible Diapers
1001082,4474,82,1.0,BabyBum Disposible Diapers
1001083,4474,81,1.0,Pivotal Extra Stength Aspirin
1001084,4502,82,1.0,BabyBum Disposible Diapers
1001085,4502,81,1.0,Pivotal Extra Stength Aspirin
1001086,4534,82,1.0,BabyBum Disposible Diapers
1001087,4558,81,1.0,Pivotal Extra Stength Aspirin
1001088,4574,82,1.0,BabyBum Disposible Diapers
1001089,4574,81,1.0,Pivotal Extra Stength Aspirin
1001090,4578,82,1.0,BabyBum Disposible Diapers
1001091,4578,81,1.0,Pivotal Extra Stength Aspirin
1001092,4586,82,1.0,BabyBum Disposible Diapers
1001093,4586,81,1.0,Pivotal Extra Stength Aspirin
1001094,4590,82,1.0,BabyBum Disposible Diapers
1001095,4590,81,1.0,Pivotal Extra Stength Aspirin
1001096,4661,82,1.0,BabyBum Disposible Diapers
1001097,4661,81,1.0,Pivotal Extra Stength Aspirin
1001098,4669,82,1.0,BabyBum Disposible Diapers
1001099,4669,81,1.0,Pivotal Extra Stength Aspirin
1001100,4681,81,1.0,Pivotal Extra Stength Aspirin
1001101,4693,82,1.0,BabyBum Disposible Diapers
1001102,4709,82,1.0,BabyBum Disposible Diapers
1001103,4709,81,1.0,Pivotal Extra Stength Aspirin
1001104,4725,82,1.0,BabyBum Disposible Diapers
1001105,4725,81,1.0,Pivotal Extra Stength Aspirin
1001106,4741,82,1.0,BabyBum Disposible Diapers
1001107,4741,81,1.0,Pivotal Extra Stength Aspirin
1001108,4745,81,1.0,Pivotal Extra Stength Aspirin
1001109,4789,82,1.0,BabyBum Disposible Diapers
1001110,4793,82,1.0,BabyBum Disposible Diapers
1001111,4793,81,1.0,Pivotal Extra Stength Aspirin
1001112,4797,82,1.0,BabyBum Disposible Diapers
1001113,4797,81,1.0,Pivotal Extra Stength Aspirin
1001114,4809,82,1.0,BabyBum Disposible Diapers
1001115,4809,81,1.0,Pivotal Extra Stength Aspirin
1001116,4813,82,1.0,BabyBum Disposible Diapers
1001117,4821,82,1.0,BabyBum Disposible Diapers
1001118,4837,81,1.0,Pivotal Extra Stength Aspirin
1001119,4845,82,1.0,BabyBum Disposible Diapers
1001120,4857,81,1.0,Pivotal Extra Stength Aspirin
1001121,4984,81,1.0,Pivotal Extra Stength Aspirin
1001122,5005,81,1.0,Pivotal Extra Stength Aspirin
1001123,5025,82,1.0,BabyBum Disposible Diapers
1001124,5025,81,1.0,Pivotal Extra Stength Aspirin
1001125,5049,82,1.0,BabyBum Disposible Diapers
1001126,5065,82,1.0,BabyBum Disposible Diapers
1001127,5065,81,1.0,Pivotal Extra Stength Aspirin
1001128,5098,82,1.0,BabyBum Disposible Diapers
1001129,5098,81,1.0,Pivotal Extra Stength Aspirin
1001130,5114,82,1.0,BabyBum Disposible Diapers
1001131,5114,81,1.0,Pivotal Extra Stength Aspirin
1001132,5130,82,1.0,BabyBum Disposible Diapers
1001133,5130,81,1.0,Pivotal Extra Stength Aspirin
1001134,5150,82,1.0,BabyBum Disposible Diapers
1001135,5150,81,1.0,Pivotal Extra Stength Aspirin
1001136,5166,82,1.0,BabyBum Disposible Diapers
1001137,5166,81,1.0,Pivotal Extra Stength Aspirin
1001138,5182,81,1.0,Pivotal Extra Stength Aspirin
1001139,5198,82,1.0,BabyBum Disposible Diapers
1001140,5198,81,1.0,Pivotal Extra Stength Aspirin
1001141,5206,81,1.0,Pivotal Extra Stength Aspirin
1001142,5230,82,1.0,BabyBum Disposible Diapers
1001143,5230,81,1.0,Pivotal Extra Stength Aspirin
1001144,5250,82,1.0,BabyBum Disposible Diapers
1001145,5250,81,1.0,Pivotal Extra Stength Aspirin
1001146,5278,82,1.0,BabyBum Disposible Diapers
1001147,5278,81,1.0,Pivotal Extra Stength Aspirin
1001148,5286,82,1.0,BabyBum Disposible Diapers
1001149,5286,81,1.0,Pivotal Extra Stength Aspirin
1001150,5302,82,1.0,BabyBum Disposible Diapers
1001151,5314,81,1.0,Pivotal Extra Stength Aspirin
1001152,5339,82,1.0,BabyBum Disposible Diapers
1001153,5347,81,1.0,Pivotal Extra Stength Aspirin
1001154,5371,81,1.0,Pivotal Extra Stength Aspirin
1001155,5375,81,1.0,Pivotal Extra Stength Aspirin
1001156,5383,81,1.0,Pivotal Extra Stength Aspirin
1001157,5387,82,1.0,BabyBum Disposible Diapers
1001158,5387,81,1.0,Pivotal Extra Stength Aspirin
1001159,5415,81,1.0,Pivotal Extra Stength Aspirin
1001160,2737,82,1.0,BabyBum Disposible Diapers
1001161,2737,81,1.0,Pivotal Extra Stength Aspirin
1001162,2761,81,1.0,Pivotal Extra Stength Aspirin
1001163,2797,82,1.0,BabyBum Disposible Diapers
1001164,2797,81,1.0,Pivotal Extra Stength Aspirin
1001165,2801,82,1.0,BabyBum Disposible Diapers
1001166,2857,82,1.0,BabyBum Disposible Diapers
1001167,2857,81,1.0,Pivotal Extra Stength Aspirin
1001168,2873,81,1.0,Pivotal Extra Stength Aspirin
1001169,2881,82,1.0,BabyBum Disposible Diapers
1001170,2881,81,1.0,Pivotal Extra Stength Aspirin
1001171,2889,81,1.0,Pivotal Extra Stength Aspirin
1001172,2929,82,1.0,BabyBum Disposible Diapers
1001173,2929,81,1.0,Pivotal Extra Stength Aspirin
1001174,2933,81,1.0,Pivotal Extra Stength Aspirin
1001175,2962,82,1.0,BabyBum Disposible Diapers
1001176,2978,82,1.0,BabyBum Disposible Diapers
1001177,2990,81,1.0,Pivotal Extra Stength Aspirin
1001178,3008,81,1.0,Pivotal Extra Stength Aspirin
1001179,3012,82,1.0,BabyBum Disposible Diapers
1001180,3012,81,1.0,Pivotal Extra Stength Aspirin
1001181,3016,82,1.0,BabyBum Disposible Diapers
1001182,3016,81,1.0,Pivotal Extra Stength Aspirin
1001183,3020,82,1.0,BabyBum Disposible Diapers
1001184,3024,81,1.0,Pivotal Extra Stength Aspirin
1001185,3028,81,1.0,Pivotal Extra Stength Aspirin
1001186,3032,82,1.0,BabyBum Disposible Diapers
1001187,3032,81,1.0,Pivotal Extra Stength Aspirin
1001188,3040,81,1.0,Pivotal Extra Stength Aspirin
1001189,3068,82,1.0,BabyBum Disposible Diapers
1001190,3068,81,1.0,Pivotal Extra Stength Aspirin
1001191,3072,81,1.0,Pivotal Extra Stength Aspirin
1001192,3116,82,1.0,BabyBum Disposible Diapers
1001193,3132,82,1.0,BabyBum Disposible Diapers
1001194,3132,81,1.0,Pivotal Extra Stength Aspirin
1001195,3136,82,1.0,BabyBum Disposible Diapers
1001196,3165,82,1.0,BabyBum Disposible Diapers
1001197,3165,81,1.0,Pivotal Extra Stength Aspirin
1001198,3197,81,1.0,Pivotal Extra Stength Aspirin
1001199,3213,82,1.0,BabyBum Disposible Diapers
1001200,3213,81,1.0,Pivotal Extra Stength Aspirin
1001201,3233,82,1.0,BabyBum Disposible Diapers
1001202,3241,82,1.0,BabyBum Disposible Diapers
1001203,3241,81,1.0,Pivotal Extra Stength Aspirin
1001204,3253,82,1.0,BabyBum Disposible Diapers
1001205,3281,81,1.0,Pivotal Extra Stength Aspirin
1001206,3289,82,1.0,BabyBum Disposible Diapers
1001207,3289,81,1.0,Pivotal Extra Stength Aspirin
1001208,3313,82,1.0,BabyBum Disposible Diapers
1001209,3313,81,1.0,Pivotal Extra Stength Aspirin
1001210,3333,82,1.0,BabyBum Disposible Diapers
1001211,3333,81,1.0,Pivotal Extra Stength Aspirin
1001212,3454,82,1.0,BabyBum Disposible Diapers
1001213,3482,82,1.0,BabyBum Disposible Diapers
1001214,3482,81,1.0,Pivotal Extra Stength Aspirin
1001215,3518,82,1.0,BabyBum Disposible Diapers
1001216,3518,81,1.0,Pivotal Extra Stength Aspirin
1001217,3546,82,1.0,BabyBum Disposible Diapers
1001218,3546,81,1.0,Pivotal Extra Stength Aspirin
1001219,3574,82,1.0,BabyBum Disposible Diapers
1001220,3574,81,1.0,Pivotal Extra Stength Aspirin
1001221,3578,82,1.0,BabyBum Disposible Diapers
1001222,3578,81,1.0,Pivotal Extra Stength Aspirin
1001223,3630,82,1.0,BabyBum Disposible Diapers
1001224,3630,81,1.0,Pivotal Extra Stength Aspirin
1001225,3691,81,1.0,Pivotal Extra Stength Aspirin
1001226,3695,82,1.0,BabyBum Disposible Diapers
1001227,3695,81,1.0,Pivotal Extra Stength Aspirin
1001228,3699,82,1.0,BabyBum Disposible Diapers
1001229,3699,81,1.0,Pivotal Extra Stength Aspirin
1001230,3703,82,1.0,BabyBum Disposible Diapers
1001231,3703,81,1.0,Pivotal Extra Stength Aspirin
1001232,3719,82,1.0,BabyBum Disposible Diapers
1001233,3723,81,1.0,Pivotal Extra Stength Aspirin
1001234,3735,82,1.0,BabyBum Disposible Diapers
1001235,3755,82,1.0,BabyBum Disposible Diapers
1001236,3755,81,1.0,Pivotal Extra Stength Aspirin
1001237,3759,82,1.0,BabyBum Disposible Diapers
1001238,3759,81,1.0,Pivotal Extra Stength Aspirin
1001239,3767,81,1.0,Pivotal Extra Stength Aspirin
1001240,3835,82,1.0,BabyBum Disposible Diapers
1001241,3903,82,1.0,BabyBum Disposible Diapers
1001242,3903,81,1.0,Pivotal Extra Stength Aspirin
1001243,3928,82,1.0,BabyBum Disposible Diapers
1001244,3972,82,1.0,BabyBum Disposible Diapers
1001245,3988,82,1.0,BabyBum Disposible Diapers
1001246,3988,81,1.0,Pivotal Extra Stength Aspirin
1001247,4011,82,1.0,BabyBum Disposible Diapers
1001248,4011,81,1.0,Pivotal Extra Stength Aspirin
1001249,4039,82,1.0,BabyBum Disposible Diapers
1001250,4039,81,1.0,Pivotal Extra Stength Aspirin
1001251,4059,82,1.0,BabyBum Disposible Diapers
1001252,4075,81,1.0,Pivotal Extra Stength Aspirin
1001253,4099,81,1.0,Pivotal Extra Stength Aspirin
1001254,4120,82,1.0,BabyBum Disposible Diapers
1001255,4120,81,1.0,Pivotal Extra Stength Aspirin
1001256,4148,82,1.0,BabyBum Disposible Diapers
1001257,4148,81,1.0,Pivotal Extra Stength Aspirin
1001258,4152,82,1.0,BabyBum Disposible Diapers
1001259,4152,81,1.0,Pivotal Extra Stength Aspirin
1001260,4156,82,1.0,BabyBum Disposible Diapers
1001261,4160,82,1.0,BabyBum Disposible Diapers
1001262,4160,81,1.0,Pivotal Extra Stength Aspirin
1001263,4164,81,1.0,Pivotal Extra Stength Aspirin
1001264,4180,82,1.0,BabyBum Disposible Diapers
1001265,4192,82,1.0,BabyBum Disposible Diapers
1001266,4204,81,1.0,Pivotal Extra Stength Aspirin
1001267,4228,82,1.0,BabyBum Disposible Diapers
1001268,4244,82,1.0,BabyBum Disposible Diapers
1001269,4280,81,1.0,Pivotal Extra Stength Aspirin
1001270,4284,81,1.0,Pivotal Extra Stength Aspirin
1001271,4332,82,1.0,BabyBum Disposible Diapers
1001272,4332,81,1.0,Pivotal Extra Stength Aspirin
1001273,4340,81,1.0,Pivotal Extra Stength Aspirin
1001274,4348,81,1.0,Pivotal Extra Stength Aspirin
1001275,4356,81,1.0,Pivotal Extra Stength Aspirin
1001276,4377,82,1.0,BabyBum Disposible Diapers
1001277,4389,82,1.0,BabyBum Disposible Diapers
1001278,4421,82,1.0,BabyBum Disposible Diapers
1001279,4421,81,1.0,Pivotal Extra Stength Aspirin
1001280,4425,82,1.0,BabyBum Disposible Diapers
1001281,4425,81,1.0,Pivotal Extra Stength Aspirin
1001282,4437,81,1.0,Pivotal Extra Stength Aspirin
1001283,4457,82,1.0,BabyBum Disposible Diapers
1001284,4457,81,1.0,Pivotal Extra Stength Aspirin
1001285,4497,82,1.0,BabyBum Disposible Diapers
1001286,4501,82,1.0,BabyBum Disposible Diapers
1001287,4505,82,1.0,BabyBum Disposible Diapers
1001288,4505,81,1.0,Pivotal Extra Stength Aspirin
1001289,4509,82,1.0,BabyBum Disposible Diapers
1001290,4541,81,1.0,Pivotal Extra Stength Aspirin
1001291,4545,82,1.0,BabyBum Disposible Diapers
1001292,4545,81,1.0,Pivotal Extra Stength Aspirin
1001293,4565,82,1.0,BabyBum Disposible Diapers
1001294,4585,81,1.0,Pivotal Extra Stength Aspirin
1001295,4642,82,1.0,BabyBum Disposible Diapers
1001296,4698,81,1.0,Pivotal Extra Stength Aspirin
1001297,4714,82,1.0,BabyBum Disposible Diapers
1001298,4714,81,1.0,Pivotal Extra Stength Aspirin
1001299,4730,82,1.0,BabyBum Disposible Diapers
1001300,4730,81,1.0,Pivotal Extra Stength Aspirin
1001301,4734,82,1.0,BabyBum Disposible Diapers
1001302,4734,81,1.0,Pivotal Extra Stength Aspirin
1001303,4758,82,1.0,BabyBum Disposible Diapers
1001304,4818,81,1.0,Pivotal Extra Stength Aspirin
1001305,4826,81,1.0,Pivotal Extra Stength Aspirin
1001306,4846,82,1.0,BabyBum Disposible Diapers
1001307,4846,81,1.0,Pivotal Extra Stength Aspirin
1001308,4854,82,1.0,BabyBum Disposible Diapers
1001309,4854,81,1.0,Pivotal Extra Stength Aspirin
1001310,4874,81,1.0,Pivotal Extra Stength Aspirin
1001311,4882,82,1.0,BabyBum Disposible Diapers
1001312,4882,81,1.0,Pivotal Extra Stength Aspirin
1001313,4886,82,1.0,BabyBum Disposible Diapers
1001314,4886,81,1.0,Pivotal Extra Stength Aspirin
1001315,4903,82,1.0,BabyBum Disposible Diapers
1001316,4915,82,1.0,BabyBum Disposible Diapers
1001317,4915,81,1.0,Pivotal Extra Stength Aspirin
1001318,4943,82,1.0,BabyBum Disposible Diapers
1001319,5010,82,1.0,BabyBum Disposible Diapers
1001320,5010,81,1.0,Pivotal Extra Stength Aspirin
1001321,5038,82,1.0,BabyBum Disposible Diapers
1001322,5038,81,1.0,Pivotal Extra Stength Aspirin
1001323,5042,82,1.0,BabyBum Disposible Diapers
1001324,5093,82,1.0,BabyBum Disposible Diapers
1001325,5093,81,1.0,Pivotal Extra Stength Aspirin
1001326,5141,82,1.0,BabyBum Disposible Diapers
1001327,5141,81,1.0,Pivotal Extra Stength Aspirin
1001328,5153,82,1.0,BabyBum Disposible Diapers
1001329,5161,81,1.0,Pivotal Extra Stength Aspirin
1001330,5173,82,1.0,BabyBum Disposible Diapers
1001331,5177,82,1.0,BabyBum Disposible Diapers
1001332,5177,81,1.0,Pivotal Extra Stength Aspirin
1001333,5181,82,1.0,BabyBum Disposible Diapers
1001334,5233,82,1.0,BabyBum Disposible Diapers
1001335,5233,81,1.0,Pivotal Extra Stength Aspirin
1001336,5241,82,1.0,BabyBum Disposible Diapers
1001337,5241,81,1.0,Pivotal Extra Stength Aspirin
1001338,5245,82,1.0,BabyBum Disposible Diapers
1001339,5245,81,1.0,Pivotal Extra Stength Aspirin
1001340,5285,82,1.0,BabyBum Disposible Diapers
1001341,5285,81,1.0,Pivotal Extra Stength Aspirin
1001342,5325,82,1.0,BabyBum Disposible Diapers
1001343,5325,81,1.0,Pivotal Extra Stength Aspirin
1001344,5336,82,1.0,BabyBum Disposible Diapers
1001345,5336,81,1.0,Pivotal Extra Stength Aspirin
1001346,5340,81,1.0,Pivotal Extra Stength Aspirin
1001347,5348,82,1.0,BabyBum Disposible Diapers
1001348,5348,81,1.0,Pivotal Extra Stength Aspirin
1001349,5392,82,1.0,BabyBum Disposible Diapers
1001350,5392,81,1.0,Pivotal Extra Stength Aspirin
1001351,5396,82,1.0,BabyBum Disposible Diapers
1001352,5396,81,1.0,Pivotal Extra Stength Aspirin
1001353,5400,81,1.0,Pivotal Extra Stength Aspirin
1001354,5404,82,1.0,BabyBum Disposible Diapers
1001355,5404,81,1.0,Pivotal Extra Stength Aspirin
1001356,5408,82,1.0,BabyBum Disposible Diapers
1001357,5408,81,1.0,Pivotal Extra Stength Aspirin
1001358,2722,82,1.0,BabyBum Disposible Diapers
1001359,2722,81,1.0,Pivotal Extra Stength Aspirin
1001360,2730,82,1.0,BabyBum Disposible Diapers
1001361,2742,82,1.0,BabyBum Disposible Diapers
1001362,2742,81,1.0,Pivotal Extra Stength Aspirin
1001363,2762,81,1.0,Pivotal Extra Stength Aspirin
1001364,2774,82,1.0,BabyBum Disposible Diapers
1001365,2774,81,1.0,Pivotal Extra Stength Aspirin
1001366,2778,82,1.0,BabyBum Disposible Diapers
1001367,2778,81,1.0,Pivotal Extra Stength Aspirin
1001368,2782,81,1.0,Pivotal Extra Stength Aspirin
1001369,2794,82,1.0,BabyBum Disposible Diapers
1001370,2794,81,1.0,Pivotal Extra Stength Aspirin
1001371,2798,82,1.0,BabyBum Disposible Diapers
1001372,2798,81,1.0,Pivotal Extra Stength Aspirin
1001373,2814,82,1.0,BabyBum Disposible Diapers
1001374,2814,81,1.0,Pivotal Extra Stength Aspirin
1001375,2830,82,1.0,BabyBum Disposible Diapers
1001376,2842,82,1.0,BabyBum Disposible Diapers
1001377,2842,81,1.0,Pivotal Extra Stength Aspirin
1001378,2870,82,1.0,BabyBum Disposible Diapers
1001379,2870,81,1.0,Pivotal Extra Stength Aspirin
1001380,2874,82,1.0,BabyBum Disposible Diapers
1001381,2882,82,1.0,BabyBum Disposible Diapers
1001382,2882,81,1.0,Pivotal Extra Stength Aspirin
1001383,2926,82,1.0,BabyBum Disposible Diapers
1001384,2926,81,1.0,Pivotal Extra Stength Aspirin
1001385,2942,82,1.0,BabyBum Disposible Diapers
1001386,2942,81,1.0,Pivotal Extra Stength Aspirin
1001387,2973,82,1.0,BabyBum Disposible Diapers
1001388,3007,82,1.0,BabyBum Disposible Diapers
1001389,3019,82,1.0,BabyBum Disposible Diapers
1001390,3019,81,1.0,Pivotal Extra Stength Aspirin
1001391,3043,82,1.0,BabyBum Disposible Diapers
1001392,3043,81,1.0,Pivotal Extra Stength Aspirin
1001393,3067,81,1.0,Pivotal Extra Stength Aspirin
1001394,3075,82,1.0,BabyBum Disposible Diapers
1001395,3075,81,1.0,Pivotal Extra Stength Aspirin
1001396,3087,81,1.0,Pivotal Extra Stength Aspirin
1001397,3095,82,1.0,BabyBum Disposible Diapers
1001398,3095,81,1.0,Pivotal Extra Stength Aspirin
1001399,3103,82,1.0,BabyBum Disposible Diapers
1001400,3123,82,1.0,BabyBum Disposible Diapers
1001401,3123,81,1.0,Pivotal Extra Stength Aspirin
1001402,3162,82,1.0,BabyBum Disposible Diapers
1001403,3174,82,1.0,BabyBum Disposible Diapers
1001404,3178,82,1.0,BabyBum Disposible Diapers
1001405,3194,81,1.0,Pivotal Extra Stength Aspirin
1001406,3206,82,1.0,BabyBum Disposible Diapers
1001407,3222,81,1.0,Pivotal Extra Stength Aspirin
1001408,3242,81,1.0,Pivotal Extra Stength Aspirin
1001409,3274,82,1.0,BabyBum Disposible Diapers
1001410,3274,81,1.0,Pivotal Extra Stength Aspirin
1001411,3282,82,1.0,BabyBum Disposible Diapers
1001412,3282,81,1.0,Pivotal Extra Stength Aspirin
1001413,3290,81,1.0,Pivotal Extra Stength Aspirin
1001414,3298,82,1.0,BabyBum Disposible Diapers
1001415,3298,81,1.0,Pivotal Extra Stength Aspirin
1001416,3326,81,1.0,Pivotal Extra Stength Aspirin
1001417,3398,82,1.0,BabyBum Disposible Diapers
1001418,3398,81,1.0,Pivotal Extra Stength Aspirin
1001419,3425,82,1.0,BabyBum Disposible Diapers
1001420,3425,81,1.0,Pivotal Extra Stength Aspirin
1001421,3493,82,1.0,BabyBum Disposible Diapers
1001422,3493,81,1.0,Pivotal Extra Stength Aspirin
1001423,3509,82,1.0,BabyBum Disposible Diapers
1001424,3545,82,1.0,BabyBum Disposible Diapers
1001425,3545,81,1.0,Pivotal Extra Stength Aspirin
1001426,3561,82,1.0,BabyBum Disposible Diapers
1001427,3585,81,1.0,Pivotal Extra Stength Aspirin
1001428,3629,82,1.0,BabyBum Disposible Diapers
1001429,3629,81,1.0,Pivotal Extra Stength Aspirin
1001430,3645,81,1.0,Pivotal Extra Stength Aspirin
1001431,3680,82,1.0,BabyBum Disposible Diapers
1001432,3680,81,1.0,Pivotal Extra Stength Aspirin
1001433,3704,82,1.0,BabyBum Disposible Diapers
1001434,3748,82,1.0,BabyBum Disposible Diapers
1001435,3748,81,1.0,Pivotal Extra Stength Aspirin
1001436,3768,82,1.0,BabyBum Disposible Diapers
1001437,3768,81,1.0,Pivotal Extra Stength Aspirin
1001438,3776,81,1.0,Pivotal Extra Stength Aspirin
1001439,3788,82,1.0,BabyBum Disposible Diapers
1001440,3796,82,1.0,BabyBum Disposible Diapers
1001441,3820,82,1.0,BabyBum Disposible Diapers
1001442,3820,81,1.0,Pivotal Extra Stength Aspirin
1001443,3824,81,1.0,Pivotal Extra Stength Aspirin
1001444,3828,82,1.0,BabyBum Disposible Diapers
1001445,3828,81,1.0,Pivotal Extra Stength Aspirin
1001446,3852,81,1.0,Pivotal Extra Stength Aspirin
1001447,3860,81,1.0,Pivotal Extra Stength Aspirin
1001448,3880,81,1.0,Pivotal Extra Stength Aspirin
1001449,3884,81,1.0,Pivotal Extra Stength Aspirin
1001450,3892,82,1.0,BabyBum Disposible Diapers
1001451,3915,82,1.0,BabyBum Disposible Diapers
1001452,3923,82,1.0,BabyBum Disposible Diapers
1001453,3923,81,1.0,Pivotal Extra Stength Aspirin
1001454,3935,82,1.0,BabyBum Disposible Diapers
1001455,3935,81,1.0,Pivotal Extra Stength Aspirin
1001456,3947,82,1.0,BabyBum Disposible Diapers
1001457,3947,81,1.0,Pivotal Extra Stength Aspirin
1001458,3967,82,1.0,BabyBum Disposible Diapers
1001459,3967,81,1.0,Pivotal Extra Stength Aspirin
1001460,3971,81,1.0,Pivotal Extra Stength Aspirin
1001461,3979,82,1.0,BabyBum Disposible Diapers
1001462,3979,81,1.0,Pivotal Extra Stength Aspirin
1001463,3999,82,1.0,BabyBum Disposible Diapers
1001464,3999,81,1.0,Pivotal Extra Stength Aspirin
1001465,4038,81,1.0,Pivotal Extra Stength Aspirin
1001466,4042,81,1.0,Pivotal Extra Stength Aspirin
1001467,4054,82,1.0,BabyBum Disposible Diapers
1001468,4054,81,1.0,Pivotal Extra Stength Aspirin
1001469,4074,82,1.0,BabyBum Disposible Diapers
1001470,4098,82,1.0,BabyBum Disposible Diapers
1001471,4106,81,1.0,Pivotal Extra Stength Aspirin
1001472,4129,82,1.0,BabyBum Disposible Diapers
1001473,4129,81,1.0,Pivotal Extra Stength Aspirin
1001474,4157,82,1.0,BabyBum Disposible Diapers
1001475,4157,81,1.0,Pivotal Extra Stength Aspirin
1001476,4165,81,1.0,Pivotal Extra Stength Aspirin
1001477,4185,81,1.0,Pivotal Extra Stength Aspirin
1001478,4197,82,1.0,BabyBum Disposible Diapers
1001479,4209,82,1.0,BabyBum Disposible Diapers
1001480,4209,81,1.0,Pivotal Extra Stength Aspirin
1001481,4221,82,1.0,BabyBum Disposible Diapers
1001482,4221,81,1.0,Pivotal Extra Stength Aspirin
1001483,4257,82,1.0,BabyBum Disposible Diapers
1001484,4257,81,1.0,Pivotal Extra Stength Aspirin
1001485,4277,82,1.0,BabyBum Disposible Diapers
1001486,4321,81,1.0,Pivotal Extra Stength Aspirin
1001487,4325,81,1.0,Pivotal Extra Stength Aspirin
1001488,4333,82,1.0,BabyBum Disposible Diapers
1001489,4333,81,1.0,Pivotal Extra Stength Aspirin
1001490,4337,82,1.0,BabyBum Disposible Diapers
1001491,4337,81,1.0,Pivotal Extra Stength Aspirin
1001492,4341,82,1.0,BabyBum Disposible Diapers
1001493,4345,82,1.0,BabyBum Disposible Diapers
1001494,4345,81,1.0,Pivotal Extra Stength Aspirin
1001495,4353,82,1.0,BabyBum Disposible Diapers
1001496,4353,81,1.0,Pivotal Extra Stength Aspirin
1001497,4357,81,1.0,Pivotal Extra Stength Aspirin
1001498,4369,82,1.0,BabyBum Disposible Diapers
1001499,4369,81,1.0,Pivotal Extra Stength Aspirin
1001500,4392,82,1.0,BabyBum Disposible Diapers
1001501,4392,81,1.0,Pivotal Extra Stength Aspirin
1001502,4412,82,1.0,BabyBum Disposible Diapers
1001503,4428,82,1.0,BabyBum Disposible Diapers
1001504,4428,81,1.0,Pivotal Extra Stength Aspirin
1001505,4480,81,1.0,Pivotal Extra Stength Aspirin
1001506,4500,82,1.0,BabyBum Disposible Diapers
1001507,4500,81,1.0,Pivotal Extra Stength Aspirin
1001508,4504,82,1.0,BabyBum Disposible Diapers
1001509,4504,81,1.0,Pivotal Extra Stength Aspirin
1001510,4544,82,1.0,BabyBum Disposible Diapers
1001511,4560,82,1.0,BabyBum Disposible Diapers
1001512,4568,82,1.0,BabyBum Disposible Diapers
1001513,4568,81,1.0,Pivotal Extra Stength Aspirin
1001514,4584,81,1.0,Pivotal Extra Stength Aspirin
1001515,4592,81,1.0,Pivotal Extra Stength Aspirin
1001516,4596,81,1.0,Pivotal Extra Stength Aspirin
1001517,4643,82,1.0,BabyBum Disposible Diapers
1001518,4643,81,1.0,Pivotal Extra Stength Aspirin
1001519,4647,82,1.0,BabyBum Disposible Diapers
1001520,4671,82,1.0,BabyBum Disposible Diapers
1001521,4671,81,1.0,Pivotal Extra Stength Aspirin
1001522,4683,82,1.0,BabyBum Disposible Diapers
1001523,4683,81,1.0,Pivotal Extra Stength Aspirin
1001524,4719,82,1.0,BabyBum Disposible Diapers
1001525,4719,81,1.0,Pivotal Extra Stength Aspirin
1001526,4743,82,1.0,BabyBum Disposible Diapers
1001527,4743,81,1.0,Pivotal Extra Stength Aspirin
1001528,4747,82,1.0,BabyBum Disposible Diapers
1001529,4815,82,1.0,BabyBum Disposible Diapers
1001530,4819,81,1.0,Pivotal Extra Stength Aspirin
1001531,4827,82,1.0,BabyBum Disposible Diapers
1001532,4831,81,1.0,Pivotal Extra Stength Aspirin
1001533,4851,82,1.0,BabyBum Disposible Diapers
1001534,4851,81,1.0,Pivotal Extra Stength Aspirin
1001535,4902,81,1.0,Pivotal Extra Stength Aspirin
1001536,4906,82,1.0,BabyBum Disposible Diapers
1001537,4922,82,1.0,BabyBum Disposible Diapers
1001538,4922,81,1.0,Pivotal Extra Stength Aspirin
1001539,4930,82,1.0,BabyBum Disposible Diapers
1001540,4938,82,1.0,BabyBum Disposible Diapers
1001541,4938,81,1.0,Pivotal Extra Stength Aspirin
1001542,4954,82,1.0,BabyBum Disposible Diapers
1001543,4954,81,1.0,Pivotal Extra Stength Aspirin
1001544,4970,82,1.0,BabyBum Disposible Diapers
1001545,4978,82,1.0,BabyBum Disposible Diapers
1001546,5011,81,1.0,Pivotal Extra Stength Aspirin
1001547,5019,82,1.0,BabyBum Disposible Diapers
1001548,5019,81,1.0,Pivotal Extra Stength Aspirin
1001549,5031,81,1.0,Pivotal Extra Stength Aspirin
1001550,5071,82,1.0,BabyBum Disposible Diapers
1001551,5084,81,1.0,Pivotal Extra Stength Aspirin
1001552,5096,81,1.0,Pivotal Extra Stength Aspirin
1001553,5120,82,1.0,BabyBum Disposible Diapers
1001554,5120,81,1.0,Pivotal Extra Stength Aspirin
1001555,5128,81,1.0,Pivotal Extra Stength Aspirin
1001556,5216,82,1.0,BabyBum Disposible Diapers
1001557,5216,81,1.0,Pivotal Extra Stength Aspirin
1001558,5220,82,1.0,BabyBum Disposible Diapers
1001559,5220,81,1.0,Pivotal Extra Stength Aspirin
1001560,5228,82,1.0,BabyBum Disposible Diapers
1001561,5228,81,1.0,Pivotal Extra Stength Aspirin
1001562,5256,81,1.0,Pivotal Extra Stength Aspirin
1001563,5276,81,1.0,Pivotal Extra Stength Aspirin
1001564,5353,82,1.0,BabyBum Disposible Diapers
1001565,5369,82,1.0,BabyBum Disposible Diapers
1001566,5389,82,1.0,BabyBum Disposible Diapers
1001567,5405,81,1.0,Pivotal Extra Stength Aspirin
1001568,5514,82,1.0,BabyBum Disposible Diapers
1001569,5514,81,1.0,Pivotal Extra Stength Aspirin
1001570,5546,82,1.0,BabyBum Disposible Diapers
1001571,5546,81,1.0,Pivotal Extra Stength Aspirin
1001572,5570,82,1.0,BabyBum Disposible Diapers
1001573,5574,82,1.0,BabyBum Disposible Diapers
1001574,5582,81,1.0,Pivotal Extra Stength Aspirin
1001575,5597,82,1.0,BabyBum Disposible Diapers
1001576,5597,81,1.0,Pivotal Extra Stength Aspirin
1001577,5613,81,1.0,Pivotal Extra Stength Aspirin
1001578,5625,82,1.0,BabyBum Disposible Diapers
1001579,5625,81,1.0,Pivotal Extra Stength Aspirin
1001580,5633,81,1.0,Pivotal Extra Stength Aspirin
1001581,5641,81,1.0,Pivotal Extra Stength Aspirin
1001582,5645,82,1.0,BabyBum Disposible Diapers
1001583,5677,82,1.0,BabyBum Disposible Diapers
1001584,5677,81,1.0,Pivotal Extra Stength Aspirin
1001585,5697,82,1.0,BabyBum Disposible Diapers
1001586,5697,81,1.0,Pivotal Extra Stength Aspirin
1001587,5829,82,1.0,BabyBum Disposible Diapers
1001588,5868,81,1.0,Pivotal Extra Stength Aspirin
1001589,5880,82,1.0,BabyBum Disposible Diapers
1001590,5880,81,1.0,Pivotal Extra Stength Aspirin
1001591,5892,82,1.0,BabyBum Disposible Diapers
1001592,5892,81,1.0,Pivotal Extra Stength Aspirin
1001593,5912,82,1.0,BabyBum Disposible Diapers
1001594,5912,81,1.0,Pivotal Extra Stength Aspirin
1001595,5952,82,1.0,BabyBum Disposible Diapers
1001596,5459,81,1.0,Pivotal Extra Stength Aspirin
1001597,5491,81,1.0,Pivotal Extra Stength Aspirin
1001598,5495,81,1.0,Pivotal Extra Stength Aspirin
1001599,5555,81,1.0,Pivotal Extra Stength Aspirin
1001600,5563,82,1.0,BabyBum Disposible Diapers
1001601,5563,81,1.0,Pivotal Extra Stength Aspirin
1001602,5567,82,1.0,BabyBum Disposible Diapers
1001603,5571,82,1.0,BabyBum Disposible Diapers
1001604,5571,81,1.0,Pivotal Extra Stength Aspirin
1001605,5579,81,1.0,Pivotal Extra Stength Aspirin
1001606,5608,81,1.0,Pivotal Extra Stength Aspirin
1001607,5616,81,1.0,Pivotal Extra Stength Aspirin
1001608,5644,82,1.0,BabyBum Disposible Diapers
1001609,5644,81,1.0,Pivotal Extra Stength Aspirin
1001610,5648,82,1.0,BabyBum Disposible Diapers
1001611,5648,81,1.0,Pivotal Extra Stength Aspirin
1001612,5652,81,1.0,Pivotal Extra Stength Aspirin
1001613,5700,82,1.0,BabyBum Disposible Diapers
1001614,5700,81,1.0,Pivotal Extra Stength Aspirin
1001615,5744,82,1.0,BabyBum Disposible Diapers
1001616,5756,82,1.0,BabyBum Disposible Diapers
1001617,5768,82,1.0,BabyBum Disposible Diapers
1001618,5768,81,1.0,Pivotal Extra Stength Aspirin
1001619,5800,82,1.0,BabyBum Disposible Diapers
1001620,5800,81,1.0,Pivotal Extra Stength Aspirin
1001621,5808,82,1.0,BabyBum Disposible Diapers
1001622,5812,81,1.0,Pivotal Extra Stength Aspirin
1001623,5832,82,1.0,BabyBum Disposible Diapers
1001624,5836,81,1.0,Pivotal Extra Stength Aspirin
1001625,5865,81,1.0,Pivotal Extra Stength Aspirin
1001626,5877,82,1.0,BabyBum Disposible Diapers
1001627,5877,81,1.0,Pivotal Extra Stength Aspirin
1001628,5881,82,1.0,BabyBum Disposible Diapers
1001629,5881,81,1.0,Pivotal Extra Stength Aspirin
1001630,5889,81,1.0,Pivotal Extra Stength Aspirin
1001631,5893,82,1.0,BabyBum Disposible Diapers
1001632,5893,81,1.0,Pivotal Extra Stength Aspirin
1001633,5428,82,1.0,BabyBum Disposible Diapers
1001634,5428,81,1.0,Pivotal Extra Stength Aspirin
1001635,5452,82,1.0,BabyBum Disposible Diapers
1001636,5488,82,1.0,BabyBum Disposible Diapers
1001637,5488,81,1.0,Pivotal Extra Stength Aspirin
1001638,5536,82,1.0,BabyBum Disposible Diapers
1001639,5552,82,1.0,BabyBum Disposible Diapers
1001640,5552,81,1.0,Pivotal Extra Stength Aspirin
1001641,5560,81,1.0,Pivotal Extra Stength Aspirin
1001642,5623,82,1.0,BabyBum Disposible Diapers
1001643,5659,81,1.0,Pivotal Extra Stength Aspirin
1001644,5759,82,1.0,BabyBum Disposible Diapers
1001645,5759,81,1.0,Pivotal Extra Stength Aspirin
1001646,5775,81,1.0,Pivotal Extra Stength Aspirin
1001647,5807,82,1.0,BabyBum Disposible Diapers
1001648,5827,82,1.0,BabyBum Disposible Diapers
1001649,5827,81,1.0,Pivotal Extra Stength Aspirin
1001650,5839,82,1.0,BabyBum Disposible Diapers
1001651,5866,82,1.0,BabyBum Disposible Diapers
1001652,5866,81,1.0,Pivotal Extra Stength Aspirin
1001653,5870,81,1.0,Pivotal Extra Stength Aspirin
1001654,5878,81,1.0,Pivotal Extra Stength Aspirin
1001655,5882,81,1.0,Pivotal Extra Stength Aspirin
1001656,5894,82,1.0,BabyBum Disposible Diapers
1001657,5894,81,1.0,Pivotal Extra Stength Aspirin
1001658,5938,81,1.0,Pivotal Extra Stength Aspirin
1001659,5966,82,1.0,BabyBum Disposible Diapers
1001660,5966,81,1.0,Pivotal Extra Stength Aspirin
1001661,5994,82,1.0,BabyBum Disposible Diapers
1001662,5473,82,1.0,BabyBum Disposible Diapers
1001663,5473,81,1.0,Pivotal Extra Stength Aspirin
1001664,5485,82,1.0,BabyBum Disposible Diapers
1001665,5485,81,1.0,Pivotal Extra Stength Aspirin
1001666,5525,82,1.0,BabyBum Disposible Diapers
1001667,5529,82,1.0,BabyBum Disposible Diapers
1001668,5529,81,1.0,Pivotal Extra Stength Aspirin
1001669,5541,81,1.0,Pivotal Extra Stength Aspirin
1001670,5569,82,1.0,BabyBum Disposible Diapers
1001671,5569,81,1.0,Pivotal Extra Stength Aspirin
1001672,5590,82,1.0,BabyBum Disposible Diapers
1001673,5590,81,1.0,Pivotal Extra Stength Aspirin
1001674,5594,82,1.0,BabyBum Disposible Diapers
1001675,5594,81,1.0,Pivotal Extra Stength Aspirin
1001676,5598,82,1.0,BabyBum Disposible Diapers
1001677,5598,81,1.0,Pivotal Extra Stength Aspirin
1001678,5606,82,1.0,BabyBum Disposible Diapers
1001679,5606,81,1.0,Pivotal Extra Stength Aspirin
1001680,5610,82,1.0,BabyBum Disposible Diapers
1001681,5618,82,1.0,BabyBum Disposible Diapers
1001682,5626,82,1.0,BabyBum Disposible Diapers
1001683,5630,82,1.0,BabyBum Disposible Diapers
1001684,5666,82,1.0,BabyBum Disposible Diapers
1001685,5678,82,1.0,BabyBum Disposible Diapers
1001686,5678,81,1.0,Pivotal Extra Stength Aspirin
1001687,5706,81,1.0,Pivotal Extra Stength Aspirin
1001688,5734,82,1.0,BabyBum Disposible Diapers
1001689,5742,81,1.0,Pivotal Extra Stength Aspirin
1001690,5746,82,1.0,BabyBum Disposible Diapers
1001691,5746,81,1.0,Pivotal Extra Stength Aspirin
1001692,5778,82,1.0,BabyBum Disposible Diapers
1001693,5794,82,1.0,BabyBum Disposible Diapers
1001694,5794,81,1.0,Pivotal Extra Stength Aspirin
1001695,5810,82,1.0,BabyBum Disposible Diapers
1001696,5810,81,1.0,Pivotal Extra Stength Aspirin
1001697,5842,82,1.0,BabyBum Disposible Diapers
1001698,5842,81,1.0,Pivotal Extra Stength Aspirin
1001699,5855,82,1.0,BabyBum Disposible Diapers
1001700,5855,81,1.0,Pivotal Extra Stength Aspirin
1001701,5879,82,1.0,BabyBum Disposible Diapers
1001702,5899,82,1.0,BabyBum Disposible Diapers
1001703,5911,81,1.0,Pivotal Extra Stength Aspirin
1001704,5919,82,1.0,BabyBum Disposible Diapers
1001705,5919,81,1.0,Pivotal Extra Stength Aspirin
1001706,5955,82,1.0,BabyBum Disposible Diapers
1001707,5967,82,1.0,BabyBum Disposible Diapers
1001708,5967,81,1.0,Pivotal Extra Stength Aspirin
1001709,5975,81,1.0,Pivotal Extra Stength Aspirin
1001710,5995,82,1.0,BabyBum Disposible Diapers
1001711,5995,81,1.0,Pivotal Extra Stength Aspirin
