2000000,48,79,1.0,Devil's Delight Blazing Hot Sausage
2000001,48,80,1.0,Pivotal Stomach Calmer
2000002,52,80,1.0,Pivotal Stomach Calmer
2000003,65,79,1.0,Devil's Delight Blazing Hot Sausage
2000004,65,80,1.0,Pivotal Stomach Calmer
2000005,85,80,1.0,Pivotal Stomach Calmer
2000006,145,79,1.0,Devil's Delight Blazing Hot Sausage
2000007,145,80,1.0,Pivotal Stomach Calmer
2000008,153,79,1.0,Devil's Delight Blazing Hot Sausage
2000009,165,80,1.0,Pivotal Stomach Calmer
2000010,189,80,1.0,Pivotal Stomach Calmer
2000011,197,80,1.0,Pivotal Stomach Calmer
2000012,205,80,1.0,Pivotal Stomach Calmer
2000013,217,79,1.0,Devil's Delight Blazing Hot Sausage
2000014,249,79,1.0,Devil's Delight Blazing Hot Sausage
2000015,261,79,1.0,Devil's Delight Blazing Hot Sausage
2000016,261,80,1.0,Pivotal Stomach Calmer
2000017,301,79,1.0,Devil's Delight Blazing Hot Sausage
2000018,301,80,1.0,Pivotal Stomach Calmer
2000019,322,79,1.0,Devil's Delight Blazing Hot Sausage
2000020,322,80,1.0,Pivotal Stomach Calmer
2000021,326,79,1.0,Devil's Delight Blazing Hot Sausage
2000022,330,79,1.0,Devil's Delight Blazing Hot Sausage
2000023,330,80,1.0,Pivotal Stomach Calmer
2000024,338,80,1.0,Pivotal Stomach Calmer
2000025,346,79,1.0,Devil's Delight Blazing Hot Sausage
2000026,346,80,1.0,Pivotal Stomach Calmer
2000027,382,79,1.0,Devil's Delight Blazing Hot Sausage
2000028,382,80,1.0,Pivotal Stomach Calmer
2000029,410,79,1.0,Devil's Delight Blazing Hot Sausage
2000030,410,80,1.0,Pivotal Stomach Calmer
2000031,414,79,1.0,Devil's Delight Blazing Hot Sausage
2000032,414,80,1.0,Pivotal Stomach Calmer
2000033,438,80,1.0,Pivotal Stomach Calmer
2000034,458,80,1.0,Pivotal Stomach Calmer
2000035,462,79,1.0,Devil's Delight Blazing Hot Sausage
2000036,462,80,1.0,Pivotal Stomach Calmer
2000037,466,79,1.0,Devil's Delight Blazing Hot Sausage
2000038,466,80,1.0,Pivotal Stomach Calmer
2000039,494,79,1.0,Devil's Delight Blazing Hot Sausage
2000040,494,80,1.0,Pivotal Stomach Calmer
2000041,510,79,1.0,Devil's Delight Blazing Hot Sausage
2000042,510,80,1.0,Pivotal Stomach Calmer
2000043,518,80,1.0,Pivotal Stomach Calmer
2000044,530,80,1.0,Pivotal Stomach Calmer
2000045,542,79,1.0,Devil's Delight Blazing Hot Sausage
2000046,570,80,1.0,Pivotal Stomach Calmer
2000047,631,79,1.0,Devil's Delight Blazing Hot Sausage
2000048,631,80,1.0,Pivotal Stomach Calmer
2000049,635,80,1.0,Pivotal Stomach Calmer
2000050,647,79,1.0,Devil's Delight Blazing Hot Sausage
2000051,667,79,1.0,Devil's Delight Blazing Hot Sausage
2000052,667,80,1.0,Pivotal Stomach Calmer
2000053,747,79,1.0,Devil's Delight Blazing Hot Sausage
2000054,747,80,1.0,Pivotal Stomach Calmer
2000055,763,79,1.0,Devil's Delight Blazing Hot Sausage
2000056,779,79,1.0,Devil's Delight Blazing Hot Sausage
2000057,840,79,1.0,Devil's Delight Blazing Hot Sausage
2000058,840,80,1.0,Pivotal Stomach Calmer
2000059,844,80,1.0,Pivotal Stomach Calmer
2000060,848,79,1.0,Devil's Delight Blazing Hot Sausage
2000061,848,80,1.0,Pivotal Stomach Calmer
2000062,856,79,1.0,Devil's Delight Blazing Hot Sausage
2000063,884,79,1.0,Devil's Delight Blazing Hot Sausage
2000064,884,80,1.0,Pivotal Stomach Calmer
2000065,892,79,1.0,Devil's Delight Blazing Hot Sausage
2000066,944,79,1.0,Devil's Delight Blazing Hot Sausage
2000067,948,79,1.0,Devil's Delight Blazing Hot Sausage
2000068,952,79,1.0,Devil's Delight Blazing Hot Sausage
2000069,952,80,1.0,Pivotal Stomach Calmer
2000070,964,79,1.0,Devil's Delight Blazing Hot Sausage
2000071,964,80,1.0,Pivotal Stomach Calmer
2000072,1023,79,1.0,Devil's Delight Blazing Hot Sausage
2000073,1023,80,1.0,Pivotal Stomach Calmer
2000074,1067,80,1.0,Pivotal Stomach Calmer
2000075,1075,79,1.0,Devil's Delight Blazing Hot Sausage
2000076,1075,80,1.0,Pivotal Stomach Calmer
2000077,1098,79,1.0,Devil's Delight Blazing Hot Sausage
2000078,1098,80,1.0,Pivotal Stomach Calmer
2000079,1106,80,1.0,Pivotal Stomach Calmer
2000080,1114,79,1.0,Devil's Delight Blazing Hot Sausage
2000081,1114,80,1.0,Pivotal Stomach Calmer
2000082,1146,79,1.0,Devil's Delight Blazing Hot Sausage
2000083,1162,79,1.0,Devil's Delight Blazing Hot Sausage
2000084,1166,80,1.0,Pivotal Stomach Calmer
2000085,1214,79,1.0,Devil's Delight Blazing Hot Sausage
2000086,1214,80,1.0,Pivotal Stomach Calmer
2000087,1222,79,1.0,Devil's Delight Blazing Hot Sausage
2000088,1242,79,1.0,Devil's Delight Blazing Hot Sausage
2000089,1242,80,1.0,Pivotal Stomach Calmer
2000090,1246,79,1.0,Devil's Delight Blazing Hot Sausage
2000091,1246,80,1.0,Pivotal Stomach Calmer
2000092,1286,80,1.0,Pivotal Stomach Calmer
2000093,1346,80,1.0,Pivotal Stomach Calmer
2000094,1350,79,1.0,Devil's Delight Blazing Hot Sausage
2000095,1353,79,1.0,Devil's Delight Blazing Hot Sausage
2000096,1353,80,1.0,Pivotal Stomach Calmer
2000097,1357,79,1.0,Devil's Delight Blazing Hot Sausage
2000098,1357,80,1.0,Pivotal Stomach Calmer
2000099,1373,79,1.0,Devil's Delight Blazing Hot Sausage
2000100,1373,80,1.0,Pivotal Stomach Calmer
2000101,1385,80,1.0,Pivotal Stomach Calmer
2000102,1393,79,1.0,Devil's Delight Blazing Hot Sausage
2000103,1393,80,1.0,Pivotal Stomach Calmer
2000104,1397,79,1.0,Devil's Delight Blazing Hot Sausage
2000105,1401,79,1.0,Devil's Delight Blazing Hot Sausage
2000106,1405,80,1.0,Pivotal Stomach Calmer
2000107,1409,79,1.0,Devil's Delight Blazing Hot Sausage
2000108,1409,80,1.0,Pivotal Stomach Calmer
2000109,1421,79,1.0,Devil's Delight Blazing Hot Sausage
2000110,1421,80,1.0,Pivotal Stomach Calmer
2000111,1449,80,1.0,Pivotal Stomach Calmer
2000112,1465,79,1.0,Devil's Delight Blazing Hot Sausage
2000113,1465,80,1.0,Pivotal Stomach Calmer
2000114,1505,79,1.0,Devil's Delight Blazing Hot Sausage
2000115,1505,80,1.0,Pivotal Stomach Calmer
2000116,1513,79,1.0,Devil's Delight Blazing Hot Sausage
2000117,1513,80,1.0,Pivotal Stomach Calmer
2000118,1521,79,1.0,Devil's Delight Blazing Hot Sausage
2000119,1521,80,1.0,Pivotal Stomach Calmer
2000120,1553,79,1.0,Devil's Delight Blazing Hot Sausage
2000121,1624,79,1.0,Devil's Delight Blazing Hot Sausage
2000122,1624,80,1.0,Pivotal Stomach Calmer
2000123,1628,79,1.0,Devil's Delight Blazing Hot Sausage
2000124,1652,80,1.0,Pivotal Stomach Calmer
2000125,1656,79,1.0,Devil's Delight Blazing Hot Sausage
2000126,1656,80,1.0,Pivotal Stomach Calmer
2000127,1692,79,1.0,Devil's Delight Blazing Hot Sausage
2000128,1704,80,1.0,Pivotal Stomach Calmer
2000129,1728,79,1.0,Devil's Delight Blazing Hot Sausage
2000130,1728,80,1.0,Pivotal Stomach Calmer
2000131,1776,79,1.0,Devil's Delight Blazing Hot Sausage
2000132,1808,80,1.0,Pivotal Stomach Calmer
2000133,1820,79,1.0,Devil's Delight Blazing Hot Sausage
2000134,1871,80,1.0,Pivotal Stomach Calmer
2000135,1887,80,1.0,Pivotal Stomach Calmer
2000136,1907,79,1.0,Devil's Delight Blazing Hot Sausage
2000137,1907,80,1.0,Pivotal Stomach Calmer
2000138,1935,80,1.0,Pivotal Stomach Calmer
2000139,1963,79,1.0,Devil's Delight Blazing Hot Sausage
2000140,1983,79,1.0,Devil's Delight Blazing Hot Sausage
2000141,1983,80,1.0,Pivotal Stomach Calmer
2000142,1995,79,1.0,Devil's Delight Blazing Hot Sausage
2000143,1995,80,1.0,Pivotal Stomach Calmer
2000144,2017,79,1.0,Devil's Delight Blazing Hot Sausage
2000145,2017,80,1.0,Pivotal Stomach Calmer
2000146,2064,79,1.0,Devil's Delight Blazing Hot Sausage
2000147,2072,79,1.0,Devil's Delight Blazing Hot Sausage
2000148,2108,79,1.0,Devil's Delight Blazing Hot Sausage
2000149,2124,80,1.0,Pivotal Stomach Calmer
2000150,2156,80,1.0,Pivotal Stomach Calmer
2000151,2164,79,1.0,Devil's Delight Blazing Hot Sausage
2000152,2164,80,1.0,Pivotal Stomach Calmer
2000153,2188,79,1.0,Devil's Delight Blazing Hot Sausage
2000154,2188,80,1.0,Pivotal Stomach Calmer
2000155,2196,79,1.0,Devil's Delight Blazing Hot Sausage
2000156,2196,80,1.0,Pivotal Stomach Calmer
2000157,2204,79,1.0,Devil's Delight Blazing Hot Sausage
2000158,2204,80,1.0,Pivotal Stomach Calmer
2000159,2228,79,1.0,Devil's Delight Blazing Hot Sausage
2000160,2228,80,1.0,Pivotal Stomach Calmer
2000161,2248,79,1.0,Devil's Delight Blazing Hot Sausage
2000162,2248,80,1.0,Pivotal Stomach Calmer
2000163,2256,79,1.0,Devil's Delight Blazing Hot Sausage
2000164,2256,80,1.0,Pivotal Stomach Calmer
2000165,2291,79,1.0,Devil's Delight Blazing Hot Sausage
2000166,2295,80,1.0,Pivotal Stomach Calmer
2000167,2299,79,1.0,Devil's Delight Blazing Hot Sausage
2000168,2299,80,1.0,Pivotal Stomach Calmer
2000169,2347,79,1.0,Devil's Delight Blazing Hot Sausage
2000170,2347,80,1.0,Pivotal Stomach Calmer
2000171,2359,79,1.0,Devil's Delight Blazing Hot Sausage
2000172,2359,80,1.0,Pivotal Stomach Calmer
2000173,2375,80,1.0,Pivotal Stomach Calmer
2000174,2387,79,1.0,Devil's Delight Blazing Hot Sausage
2000175,2387,80,1.0,Pivotal Stomach Calmer
2000176,2407,79,1.0,Devil's Delight Blazing Hot Sausage
2000177,2407,80,1.0,Pivotal Stomach Calmer
2000178,2415,79,1.0,Devil's Delight Blazing Hot Sausage
2000179,2415,80,1.0,Pivotal Stomach Calmer
2000180,2471,79,1.0,Devil's Delight Blazing Hot Sausage
2000181,2475,79,1.0,Devil's Delight Blazing Hot Sausage
2000182,2491,79,1.0,Devil's Delight Blazing Hot Sausage
2000183,2499,79,1.0,Devil's Delight Blazing Hot Sausage
2000184,2503,79,1.0,Devil's Delight Blazing Hot Sausage
2000185,2503,80,1.0,Pivotal Stomach Calmer
2000186,2519,80,1.0,Pivotal Stomach Calmer
2000187,2550,79,1.0,Devil's Delight Blazing Hot Sausage
2000188,2570,79,1.0,Devil's Delight Blazing Hot Sausage
2000189,2570,80,1.0,Pivotal Stomach Calmer
2000190,2602,79,1.0,Devil's Delight Blazing Hot Sausage
2000191,2602,80,1.0,Pivotal Stomach Calmer
2000192,2618,79,1.0,Devil's Delight Blazing Hot Sausage
2000193,2626,79,1.0,Devil's Delight Blazing Hot Sausage
2000194,2646,80,1.0,Pivotal Stomach Calmer
2000195,2654,79,1.0,Devil's Delight Blazing Hot Sausage
2000196,2654,80,1.0,Pivotal Stomach Calmer
2000197,2682,79,1.0,Devil's Delight Blazing Hot Sausage
2000198,2682,80,1.0,Pivotal Stomach Calmer
2000199,2694,80,1.0,Pivotal Stomach Calmer
2000200,2706,79,1.0,Devil's Delight Blazing Hot Sausage
2000201,2706,80,1.0,Pivotal Stomach Calmer
2000202,31,79,1.0,Devil's Delight Blazing Hot Sausage
2000203,31,80,1.0,Pivotal Stomach Calmer
2000204,90,79,1.0,Devil's Delight Blazing Hot Sausage
2000205,90,80,1.0,Pivotal Stomach Calmer
2000206,102,79,1.0,Devil's Delight Blazing Hot Sausage
2000207,106,79,1.0,Devil's Delight Blazing Hot Sausage
2000208,106,80,1.0,Pivotal Stomach Calmer
2000209,114,79,1.0,Devil's Delight Blazing Hot Sausage
2000210,122,80,1.0,Pivotal Stomach Calmer
2000211,138,79,1.0,Devil's Delight Blazing Hot Sausage
2000212,146,79,1.0,Devil's Delight Blazing Hot Sausage
2000213,146,80,1.0,Pivotal Stomach Calmer
2000214,158,79,1.0,Devil's Delight Blazing Hot Sausage
2000215,158,80,1.0,Pivotal Stomach Calmer
2000216,162,79,1.0,Devil's Delight Blazing Hot Sausage
2000217,162,80,1.0,Pivotal Stomach Calmer
2000218,178,79,1.0,Devil's Delight Blazing Hot Sausage
2000219,206,79,1.0,Devil's Delight Blazing Hot Sausage
2000220,222,79,1.0,Devil's Delight Blazing Hot Sausage
2000221,226,79,1.0,Devil's Delight Blazing Hot Sausage
2000222,262,79,1.0,Devil's Delight Blazing Hot Sausage
2000223,262,80,1.0,Pivotal Stomach Calmer
2000224,270,79,1.0,Devil's Delight Blazing Hot Sausage
2000225,270,80,1.0,Pivotal Stomach Calmer
2000226,282,79,1.0,Devil's Delight Blazing Hot Sausage
2000227,294,79,1.0,Devil's Delight Blazing Hot Sausage
2000228,294,80,1.0,Pivotal Stomach Calmer
2000229,298,80,1.0,Pivotal Stomach Calmer
2000230,389,79,1.0,Devil's Delight Blazing Hot Sausage
2000231,389,80,1.0,Pivotal Stomach Calmer
2000232,417,79,1.0,Devil's Delight Blazing Hot Sausage
2000233,425,79,1.0,Devil's Delight Blazing Hot Sausage
2000234,425,80,1.0,Pivotal Stomach Calmer
2000235,445,80,1.0,Pivotal Stomach Calmer
2000236,449,79,1.0,Devil's Delight Blazing Hot Sausage
2000237,449,80,1.0,Pivotal Stomach Calmer
2000238,497,80,1.0,Pivotal Stomach Calmer
2000239,509,80,1.0,Pivotal Stomach Calmer
2000240,541,79,1.0,Devil's Delight Blazing Hot Sausage
2000241,565,79,1.0,Devil's Delight Blazing Hot Sausage
2000242,565,80,1.0,Pivotal Stomach Calmer
2000243,580,80,1.0,Pivotal Stomach Calmer
2000244,584,79,1.0,Devil's Delight Blazing Hot Sausage
2000245,628,79,1.0,Devil's Delight Blazing Hot Sausage
2000246,648,79,1.0,Devil's Delight Blazing Hot Sausage
2000247,648,80,1.0,Pivotal Stomach Calmer
2000248,664,80,1.0,Pivotal Stomach Calmer
2000249,684,79,1.0,Devil's Delight Blazing Hot Sausage
2000250,684,80,1.0,Pivotal Stomach Calmer
2000251,728,79,1.0,Devil's Delight Blazing Hot Sausage
2000252,732,79,1.0,Devil's Delight Blazing Hot Sausage
2000253,744,79,1.0,Devil's Delight Blazing Hot Sausage
2000254,744,80,1.0,Pivotal Stomach Calmer
2000255,792,79,1.0,Devil's Delight Blazing Hot Sausage
2000256,824,80,1.0,Pivotal Stomach Calmer
2000257,828,80,1.0,Pivotal Stomach Calmer
2000258,831,79,1.0,Devil's Delight Blazing Hot Sausage
2000259,831,80,1.0,Pivotal Stomach Calmer
2000260,875,79,1.0,Devil's Delight Blazing Hot Sausage
2000261,883,80,1.0,Pivotal Stomach Calmer
2000262,899,80,1.0,Pivotal Stomach Calmer
2000263,907,79,1.0,Devil's Delight Blazing Hot Sausage
2000264,907,80,1.0,Pivotal Stomach Calmer
2000265,911,79,1.0,Devil's Delight Blazing Hot Sausage
2000266,911,80,1.0,Pivotal Stomach Calmer
2000267,935,79,1.0,Devil's Delight Blazing Hot Sausage
2000268,935,80,1.0,Pivotal Stomach Calmer
2000269,939,79,1.0,Devil's Delight Blazing Hot Sausage
2000270,939,80,1.0,Pivotal Stomach Calmer
2000271,947,79,1.0,Devil's Delight Blazing Hot Sausage
2000272,955,79,1.0,Devil's Delight Blazing Hot Sausage
2000273,955,80,1.0,Pivotal Stomach Calmer
2000274,1004,79,1.0,Devil's Delight Blazing Hot Sausage
2000275,1004,80,1.0,Pivotal Stomach Calmer
2000276,1028,79,1.0,Devil's Delight Blazing Hot Sausage
2000277,1028,80,1.0,Pivotal Stomach Calmer
2000278,1040,80,1.0,Pivotal Stomach Calmer
2000279,1044,79,1.0,Devil's Delight Blazing Hot Sausage
2000280,1044,80,1.0,Pivotal Stomach Calmer
2000281,1060,80,1.0,Pivotal Stomach Calmer
2000282,1084,79,1.0,Devil's Delight Blazing Hot Sausage
2000283,1084,80,1.0,Pivotal Stomach Calmer
2000284,1105,79,1.0,Devil's Delight Blazing Hot Sausage
2000285,1105,80,1.0,Pivotal Stomach Calmer
2000286,1117,79,1.0,Devil's Delight Blazing Hot Sausage
2000287,1117,80,1.0,Pivotal Stomach Calmer
2000288,1121,80,1.0,Pivotal Stomach Calmer
2000289,1141,80,1.0,Pivotal Stomach Calmer
2000290,1153,79,1.0,Devil's Delight Blazing Hot Sausage
2000291,1153,80,1.0,Pivotal Stomach Calmer
2000292,1173,79,1.0,Devil's Delight Blazing Hot Sausage
2000293,1173,80,1.0,Pivotal Stomach Calmer
2000294,1197,79,1.0,Devil's Delight Blazing Hot Sausage
2000295,1197,80,1.0,Pivotal Stomach Calmer
2000296,1261,79,1.0,Devil's Delight Blazing Hot Sausage
2000297,1261,80,1.0,Pivotal Stomach Calmer
2000298,1305,79,1.0,Devil's Delight Blazing Hot Sausage
2000299,1305,80,1.0,Pivotal Stomach Calmer
2000300,1313,79,1.0,Devil's Delight Blazing Hot Sausage
2000301,1313,80,1.0,Pivotal Stomach Calmer
2000302,1337,79,1.0,Devil's Delight Blazing Hot Sausage
2000303,1337,80,1.0,Pivotal Stomach Calmer
2000304,1345,79,1.0,Devil's Delight Blazing Hot Sausage
2000305,1366,79,1.0,Devil's Delight Blazing Hot Sausage
2000306,1366,80,1.0,Pivotal Stomach Calmer
2000307,1382,80,1.0,Pivotal Stomach Calmer
2000308,1386,79,1.0,Devil's Delight Blazing Hot Sausage
2000309,1390,80,1.0,Pivotal Stomach Calmer
2000310,1414,79,1.0,Devil's Delight Blazing Hot Sausage
2000311,1414,80,1.0,Pivotal Stomach Calmer
2000312,1430,80,1.0,Pivotal Stomach Calmer
2000313,1434,80,1.0,Pivotal Stomach Calmer
2000314,1458,79,1.0,Devil's Delight Blazing Hot Sausage
2000315,1458,80,1.0,Pivotal Stomach Calmer
2000316,1482,79,1.0,Devil's Delight Blazing Hot Sausage
2000317,1490,79,1.0,Devil's Delight Blazing Hot Sausage
2000318,1490,80,1.0,Pivotal Stomach Calmer
2000319,1522,79,1.0,Devil's Delight Blazing Hot Sausage
2000320,1522,80,1.0,Pivotal Stomach Calmer
2000321,1598,79,1.0,Devil's Delight Blazing Hot Sausage
2000322,1598,80,1.0,Pivotal Stomach Calmer
2000323,1619,79,1.0,Devil's Delight Blazing Hot Sausage
2000324,1619,80,1.0,Pivotal Stomach Calmer
2000325,1627,79,1.0,Devil's Delight Blazing Hot Sausage
2000326,1627,80,1.0,Pivotal Stomach Calmer
2000327,1667,79,1.0,Devil's Delight Blazing Hot Sausage
2000328,1667,80,1.0,Pivotal Stomach Calmer
2000329,1671,80,1.0,Pivotal Stomach Calmer
2000330,1767,79,1.0,Devil's Delight Blazing Hot Sausage
2000331,1779,79,1.0,Devil's Delight Blazing Hot Sausage
2000332,1779,80,1.0,Pivotal Stomach Calmer
2000333,1783,79,1.0,Devil's Delight Blazing Hot Sausage
2000334,1795,79,1.0,Devil's Delight Blazing Hot Sausage
2000335,1795,80,1.0,Pivotal Stomach Calmer
2000336,1811,79,1.0,Devil's Delight Blazing Hot Sausage
2000337,1835,80,1.0,Pivotal Stomach Calmer
2000338,1859,79,1.0,Devil's Delight Blazing Hot Sausage
2000339,1892,79,1.0,Devil's Delight Blazing Hot Sausage
2000340,1892,80,1.0,Pivotal Stomach Calmer
2000341,1948,79,1.0,Devil's Delight Blazing Hot Sausage
2000342,1948,80,1.0,Pivotal Stomach Calmer
2000343,1956,80,1.0,Pivotal Stomach Calmer
2000344,1976,79,1.0,Devil's Delight Blazing Hot Sausage
2000345,1976,80,1.0,Pivotal Stomach Calmer
2000346,2002,79,1.0,Devil's Delight Blazing Hot Sausage
2000347,2002,80,1.0,Pivotal Stomach Calmer
2000348,2018,79,1.0,Devil's Delight Blazing Hot Sausage
2000349,2018,80,1.0,Pivotal Stomach Calmer
2000350,2022,80,1.0,Pivotal Stomach Calmer
2000351,2051,80,1.0,Pivotal Stomach Calmer
2000352,2059,79,1.0,Devil's Delight Blazing Hot Sausage
2000353,2063,80,1.0,Pivotal Stomach Calmer
2000354,2079,79,1.0,Devil's Delight Blazing Hot Sausage
2000355,2079,80,1.0,Pivotal Stomach Calmer
2000356,2083,79,1.0,Devil's Delight Blazing Hot Sausage
2000357,2083,80,1.0,Pivotal Stomach Calmer
2000358,2091,79,1.0,Devil's Delight Blazing Hot Sausage
2000359,2091,80,1.0,Pivotal Stomach Calmer
2000360,2095,79,1.0,Devil's Delight Blazing Hot Sausage
2000361,2095,80,1.0,Pivotal Stomach Calmer
2000362,2103,79,1.0,Devil's Delight Blazing Hot Sausage
2000363,2103,80,1.0,Pivotal Stomach Calmer
2000364,2107,79,1.0,Devil's Delight Blazing Hot Sausage
2000365,2107,80,1.0,Pivotal Stomach Calmer
2000366,2115,80,1.0,Pivotal Stomach Calmer
2000367,2163,79,1.0,Devil's Delight Blazing Hot Sausage
2000368,2163,80,1.0,Pivotal Stomach Calmer
2000369,2179,79,1.0,Devil's Delight Blazing Hot Sausage
2000370,2179,80,1.0,Pivotal Stomach Calmer
2000371,2187,80,1.0,Pivotal Stomach Calmer
2000372,2199,79,1.0,Devil's Delight Blazing Hot Sausage
2000373,2219,80,1.0,Pivotal Stomach Calmer
2000374,2243,79,1.0,Devil's Delight Blazing Hot Sausage
2000375,2243,80,1.0,Pivotal Stomach Calmer
2000376,2251,80,1.0,Pivotal Stomach Calmer
2000377,2271,80,1.0,Pivotal Stomach Calmer
2000378,2316,80,1.0,Pivotal Stomach Calmer
2000379,2328,80,1.0,Pivotal Stomach Calmer
2000380,2344,79,1.0,Devil's Delight Blazing Hot Sausage
2000381,2400,79,1.0,Devil's Delight Blazing Hot Sausage
2000382,2424,80,1.0,Pivotal Stomach Calmer
2000383,2436,79,1.0,Devil's Delight Blazing Hot Sausage
2000384,2436,80,1.0,Pivotal Stomach Calmer
2000385,2452,80,1.0,Pivotal Stomach Calmer
2000386,2496,80,1.0,Pivotal Stomach Calmer
2000387,2516,80,1.0,Pivotal Stomach Calmer
2000388,2540,79,1.0,Devil's Delight Blazing Hot Sausage
2000389,2540,80,1.0,Pivotal Stomach Calmer
2000390,2565,79,1.0,Devil's Delight Blazing Hot Sausage
2000391,2577,79,1.0,Devil's Delight Blazing Hot Sausage
2000392,2577,80,1.0,Pivotal Stomach Calmer
2000393,2613,79,1.0,Devil's Delight Blazing Hot Sausage
2000394,2629,79,1.0,Devil's Delight Blazing Hot Sausage
2000395,2629,80,1.0,Pivotal Stomach Calmer
2000396,2641,80,1.0,Pivotal Stomach Calmer
2000397,14,79,1.0,Devil's Delight Blazing Hot Sausage
2000398,38,79,1.0,Devil's Delight Blazing Hot Sausage
2000399,38,80,1.0,Pivotal Stomach Calmer
2000400,46,79,1.0,Devil's Delight Blazing Hot Sausage
2000401,46,80,1.0,Pivotal Stomach Calmer
2000402,50,79,1.0,Devil's Delight Blazing Hot Sausage
2000403,50,80,1.0,Pivotal Stomach Calmer
2000404,75,79,1.0,Devil's Delight Blazing Hot Sausage
2000405,75,80,1.0,Pivotal Stomach Calmer
2000406,87,79,1.0,Devil's Delight Blazing Hot Sausage
2000407,87,80,1.0,Pivotal Stomach Calmer
2000408,103,80,1.0,Pivotal Stomach Calmer
2000409,139,79,1.0,Devil's Delight Blazing Hot Sausage
2000410,139,80,1.0,Pivotal Stomach Calmer
2000411,159,80,1.0,Pivotal Stomach Calmer
2000412,183,79,1.0,Devil's Delight Blazing Hot Sausage
2000413,191,79,1.0,Devil's Delight Blazing Hot Sausage
2000414,203,79,1.0,Devil's Delight Blazing Hot Sausage
2000415,203,80,1.0,Pivotal Stomach Calmer
2000416,235,79,1.0,Devil's Delight Blazing Hot Sausage
2000417,243,80,1.0,Pivotal Stomach Calmer
2000418,251,80,1.0,Pivotal Stomach Calmer
2000419,255,79,1.0,Devil's Delight Blazing Hot Sausage
2000420,255,80,1.0,Pivotal Stomach Calmer
2000421,259,79,1.0,Devil's Delight Blazing Hot Sausage
2000422,303,80,1.0,Pivotal Stomach Calmer
2000423,311,79,1.0,Devil's Delight Blazing Hot Sausage
2000424,311,80,1.0,Pivotal Stomach Calmer
2000425,324,79,1.0,Devil's Delight Blazing Hot Sausage
2000426,336,80,1.0,Pivotal Stomach Calmer
2000427,340,79,1.0,Devil's Delight Blazing Hot Sausage
2000428,340,80,1.0,Pivotal Stomach Calmer
2000429,348,79,1.0,Devil's Delight Blazing Hot Sausage
2000430,348,80,1.0,Pivotal Stomach Calmer
2000431,364,79,1.0,Devil's Delight Blazing Hot Sausage
2000432,364,80,1.0,Pivotal Stomach Calmer
2000433,372,79,1.0,Devil's Delight Blazing Hot Sausage
2000434,420,79,1.0,Devil's Delight Blazing Hot Sausage
2000435,420,80,1.0,Pivotal Stomach Calmer
2000436,440,79,1.0,Devil's Delight Blazing Hot Sausage
2000437,452,79,1.0,Devil's Delight Blazing Hot Sausage
2000438,480,79,1.0,Devil's Delight Blazing Hot Sausage
2000439,480,80,1.0,Pivotal Stomach Calmer
2000440,496,80,1.0,Pivotal Stomach Calmer
2000441,500,79,1.0,Devil's Delight Blazing Hot Sausage
2000442,500,80,1.0,Pivotal Stomach Calmer
2000443,504,79,1.0,Devil's Delight Blazing Hot Sausage
2000444,508,79,1.0,Devil's Delight Blazing Hot Sausage
2000445,508,80,1.0,Pivotal Stomach Calmer
2000446,536,79,1.0,Devil's Delight Blazing Hot Sausage
2000447,536,80,1.0,Pivotal Stomach Calmer
2000448,548,79,1.0,Devil's Delight Blazing Hot Sausage
2000449,548,80,1.0,Pivotal Stomach Calmer
2000450,568,79,1.0,Devil's Delight Blazing Hot Sausage
2000451,568,80,1.0,Pivotal Stomach Calmer
2000452,589,79,1.0,Devil's Delight Blazing Hot Sausage
2000453,589,80,1.0,Pivotal Stomach Calmer
2000454,665,79,1.0,Devil's Delight Blazing Hot Sausage
2000455,693,79,1.0,Devil's Delight Blazing Hot Sausage
2000456,693,80,1.0,Pivotal Stomach Calmer
2000457,721,80,1.0,Pivotal Stomach Calmer
2000458,737,79,1.0,Devil's Delight Blazing Hot Sausage
2000459,737,80,1.0,Pivotal Stomach Calmer
2000460,761,79,1.0,Devil's Delight Blazing Hot Sausage
2000461,765,79,1.0,Devil's Delight Blazing Hot Sausage
2000462,765,80,1.0,Pivotal Stomach Calmer
2000463,785,79,1.0,Devil's Delight Blazing Hot Sausage
2000464,785,80,1.0,Pivotal Stomach Calmer
2000465,801,80,1.0,Pivotal Stomach Calmer
2000466,838,80,1.0,Pivotal Stomach Calmer
2000467,850,79,1.0,Devil's Delight Blazing Hot Sausage
2000468,850,80,1.0,Pivotal Stomach Calmer
2000469,858,79,1.0,Devil's Delight Blazing Hot Sausage
2000470,858,80,1.0,Pivotal Stomach Calmer
2000471,902,79,1.0,Devil's Delight Blazing Hot Sausage
2000472,906,79,1.0,Devil's Delight Blazing Hot Sausage
2000473,914,79,1.0,Devil's Delight Blazing Hot Sausage
2000474,922,79,1.0,Devil's Delight Blazing Hot Sausage
2000475,922,80,1.0,Pivotal Stomach Calmer
2000476,934,79,1.0,Devil's Delight Blazing Hot Sausage
2000477,934,80,1.0,Pivotal Stomach Calmer
2000478,970,79,1.0,Devil's Delight Blazing Hot Sausage
2000479,970,80,1.0,Pivotal Stomach Calmer
2000480,982,79,1.0,Devil's Delight Blazing Hot Sausage
2000481,982,80,1.0,Pivotal Stomach Calmer
2000482,1029,79,1.0,Devil's Delight Blazing Hot Sausage
2000483,1029,80,1.0,Pivotal Stomach Calmer
2000484,1033,80,1.0,Pivotal Stomach Calmer
2000485,1045,80,1.0,Pivotal Stomach Calmer
2000486,1065,80,1.0,Pivotal Stomach Calmer
2000487,1073,79,1.0,Devil's Delight Blazing Hot Sausage
2000488,1073,80,1.0,Pivotal Stomach Calmer
2000489,1144,79,1.0,Devil's Delight Blazing Hot Sausage
2000490,1144,80,1.0,Pivotal Stomach Calmer
2000491,1152,79,1.0,Devil's Delight Blazing Hot Sausage
2000492,1152,80,1.0,Pivotal Stomach Calmer
2000493,1180,79,1.0,Devil's Delight Blazing Hot Sausage
2000494,1188,80,1.0,Pivotal Stomach Calmer
2000495,1208,79,1.0,Devil's Delight Blazing Hot Sausage
2000496,1244,79,1.0,Devil's Delight Blazing Hot Sausage
2000497,1244,80,1.0,Pivotal Stomach Calmer
2000498,1252,80,1.0,Pivotal Stomach Calmer
2000499,1300,79,1.0,Devil's Delight Blazing Hot Sausage
2000500,1308,80,1.0,Pivotal Stomach Calmer
2000501,1403,80,1.0,Pivotal Stomach Calmer
2000502,1407,79,1.0,Devil's Delight Blazing Hot Sausage
2000503,1407,80,1.0,Pivotal Stomach Calmer
2000504,1415,79,1.0,Devil's Delight Blazing Hot Sausage
2000505,1419,80,1.0,Pivotal Stomach Calmer
2000506,1423,79,1.0,Devil's Delight Blazing Hot Sausage
2000507,1431,80,1.0,Pivotal Stomach Calmer
2000508,1443,79,1.0,Devil's Delight Blazing Hot Sausage
2000509,1451,79,1.0,Devil's Delight Blazing Hot Sausage
2000510,1467,79,1.0,Devil's Delight Blazing Hot Sausage
2000511,1487,79,1.0,Devil's Delight Blazing Hot Sausage
2000512,1487,80,1.0,Pivotal Stomach Calmer
2000513,1499,80,1.0,Pivotal Stomach Calmer
2000514,1515,79,1.0,Devil's Delight Blazing Hot Sausage
2000515,1515,80,1.0,Pivotal Stomach Calmer
2000516,1527,79,1.0,Devil's Delight Blazing Hot Sausage
2000517,1527,80,1.0,Pivotal Stomach Calmer
2000518,1531,79,1.0,Devil's Delight Blazing Hot Sausage
2000519,1531,80,1.0,Pivotal Stomach Calmer
2000520,1535,80,1.0,Pivotal Stomach Calmer
2000521,1555,79,1.0,Devil's Delight Blazing Hot Sausage
2000522,1555,80,1.0,Pivotal Stomach Calmer
2000523,1575,79,1.0,Devil's Delight Blazing Hot Sausage
2000524,1575,80,1.0,Pivotal Stomach Calmer
2000525,1587,80,1.0,Pivotal Stomach Calmer
2000526,1618,79,1.0,Devil's Delight Blazing Hot Sausage
2000527,1634,79,1.0,Devil's Delight Blazing Hot Sausage
2000528,1654,79,1.0,Devil's Delight Blazing Hot Sausage
2000529,1654,80,1.0,Pivotal Stomach Calmer
2000530,1674,79,1.0,Devil's Delight Blazing Hot Sausage
2000531,1674,80,1.0,Pivotal Stomach Calmer
2000532,1686,80,1.0,Pivotal Stomach Calmer
2000533,1722,79,1.0,Devil's Delight Blazing Hot Sausage
2000534,1746,79,1.0,Devil's Delight Blazing Hot Sausage
2000535,1746,80,1.0,Pivotal Stomach Calmer
2000536,1758,79,1.0,Devil's Delight Blazing Hot Sausage
2000537,1758,80,1.0,Pivotal Stomach Calmer
2000538,1770,79,1.0,Devil's Delight Blazing Hot Sausage
2000539,1786,79,1.0,Devil's Delight Blazing Hot Sausage
2000540,1786,80,1.0,Pivotal Stomach Calmer
2000541,1838,79,1.0,Devil's Delight Blazing Hot Sausage
2000542,1838,80,1.0,Pivotal Stomach Calmer
2000543,1846,80,1.0,Pivotal Stomach Calmer
2000544,1854,80,1.0,Pivotal Stomach Calmer
2000545,1865,79,1.0,Devil's Delight Blazing Hot Sausage
2000546,1865,80,1.0,Pivotal Stomach Calmer
2000547,1885,80,1.0,Pivotal Stomach Calmer
2000548,1921,79,1.0,Devil's Delight Blazing Hot Sausage
2000549,1941,79,1.0,Devil's Delight Blazing Hot Sausage
2000550,1941,80,1.0,Pivotal Stomach Calmer
2000551,1961,79,1.0,Devil's Delight Blazing Hot Sausage
2000552,1973,79,1.0,Devil's Delight Blazing Hot Sausage
2000553,1985,79,1.0,Devil's Delight Blazing Hot Sausage
2000554,1985,80,1.0,Pivotal Stomach Calmer
2000555,2011,80,1.0,Pivotal Stomach Calmer
2000556,2034,80,1.0,Pivotal Stomach Calmer
2000557,2050,79,1.0,Devil's Delight Blazing Hot Sausage
2000558,2094,80,1.0,Pivotal Stomach Calmer
2000559,2098,79,1.0,Devil's Delight Blazing Hot Sausage
2000560,2098,80,1.0,Pivotal Stomach Calmer
2000561,2126,79,1.0,Devil's Delight Blazing Hot Sausage
2000562,2138,80,1.0,Pivotal Stomach Calmer
2000563,2182,79,1.0,Devil's Delight Blazing Hot Sausage
2000564,2182,80,1.0,Pivotal Stomach Calmer
2000565,2198,79,1.0,Devil's Delight Blazing Hot Sausage
2000566,2198,80,1.0,Pivotal Stomach Calmer
2000567,2214,79,1.0,Devil's Delight Blazing Hot Sausage
2000568,2218,79,1.0,Devil's Delight Blazing Hot Sausage
2000569,2218,80,1.0,Pivotal Stomach Calmer
2000570,2226,79,1.0,Devil's Delight Blazing Hot Sausage
2000571,2242,80,1.0,Pivotal Stomach Calmer
2000572,2246,79,1.0,Devil's Delight Blazing Hot Sausage
2000573,2246,80,1.0,Pivotal Stomach Calmer
2000574,2270,80,1.0,Pivotal Stomach Calmer
2000575,2274,80,1.0,Pivotal Stomach Calmer
2000576,2297,80,1.0,Pivotal Stomach Calmer
2000577,2301,79,1.0,Devil's Delight Blazing Hot Sausage
2000578,2301,80,1.0,Pivotal Stomach Calmer
2000579,2313,79,1.0,Devil's Delight Blazing Hot Sausage
2000580,2313,80,1.0,Pivotal Stomach Calmer
2000581,2321,79,1.0,Devil's Delight Blazing Hot Sausage
2000582,2321,80,1.0,Pivotal Stomach Calmer
2000583,2345,79,1.0,Devil's Delight Blazing Hot Sausage
2000584,2345,80,1.0,Pivotal Stomach Calmer
2000585,2349,79,1.0,Devil's Delight Blazing Hot Sausage
2000586,2349,80,1.0,Pivotal Stomach Calmer
2000587,2353,79,1.0,Devil's Delight Blazing Hot Sausage
2000588,2377,80,1.0,Pivotal Stomach Calmer
2000589,2385,80,1.0,Pivotal Stomach Calmer
2000590,2397,80,1.0,Pivotal Stomach Calmer
2000591,2421,79,1.0,Devil's Delight Blazing Hot Sausage
2000592,2421,80,1.0,Pivotal Stomach Calmer
2000593,2441,79,1.0,Devil's Delight Blazing Hot Sausage
2000594,2441,80,1.0,Pivotal Stomach Calmer
2000595,2477,79,1.0,Devil's Delight Blazing Hot Sausage
2000596,2513,79,1.0,Devil's Delight Blazing Hot Sausage
2000597,2513,80,1.0,Pivotal Stomach Calmer
2000598,2521,79,1.0,Devil's Delight Blazing Hot Sausage
2000599,2521,80,1.0,Pivotal Stomach Calmer
2000600,2525,79,1.0,Devil's Delight Blazing Hot Sausage
2000601,2525,80,1.0,Pivotal Stomach Calmer
2000602,2533,79,1.0,Devil's Delight Blazing Hot Sausage
2000603,2533,80,1.0,Pivotal Stomach Calmer
2000604,2552,80,1.0,Pivotal Stomach Calmer
2000605,2556,79,1.0,Devil's Delight Blazing Hot Sausage
2000606,2556,80,1.0,Pivotal Stomach Calmer
2000607,2580,79,1.0,Devil's Delight Blazing Hot Sausage
2000608,2580,80,1.0,Pivotal Stomach Calmer
2000609,2596,79,1.0,Devil's Delight Blazing Hot Sausage
2000610,2596,80,1.0,Pivotal Stomach Calmer
2000611,2600,80,1.0,Pivotal Stomach Calmer
2000612,2604,79,1.0,Devil's Delight Blazing Hot Sausage
2000613,2604,80,1.0,Pivotal Stomach Calmer
2000614,2608,79,1.0,Devil's Delight Blazing Hot Sausage
2000615,2608,80,1.0,Pivotal Stomach Calmer
2000616,2616,79,1.0,Devil's Delight Blazing Hot Sausage
2000617,2628,79,1.0,Devil's Delight Blazing Hot Sausage
2000618,2628,80,1.0,Pivotal Stomach Calmer
2000619,2660,79,1.0,Devil's Delight Blazing Hot Sausage
2000620,2660,80,1.0,Pivotal Stomach Calmer
2000621,2692,79,1.0,Devil's Delight Blazing Hot Sausage
2000622,2692,80,1.0,Pivotal Stomach Calmer
2000623,37,79,1.0,Devil's Delight Blazing Hot Sausage
2000624,37,80,1.0,Pivotal Stomach Calmer
2000625,49,79,1.0,Devil's Delight Blazing Hot Sausage
2000626,53,79,1.0,Devil's Delight Blazing Hot Sausage
2000627,68,80,1.0,Pivotal Stomach Calmer
2000628,76,79,1.0,Devil's Delight Blazing Hot Sausage
2000629,76,80,1.0,Pivotal Stomach Calmer
2000630,104,79,1.0,Devil's Delight Blazing Hot Sausage
2000631,124,80,1.0,Pivotal Stomach Calmer
2000632,172,79,1.0,Devil's Delight Blazing Hot Sausage
2000633,172,80,1.0,Pivotal Stomach Calmer
2000634,180,79,1.0,Devil's Delight Blazing Hot Sausage
2000635,184,79,1.0,Devil's Delight Blazing Hot Sausage
2000636,184,80,1.0,Pivotal Stomach Calmer
2000637,220,79,1.0,Devil's Delight Blazing Hot Sausage
2000638,220,80,1.0,Pivotal Stomach Calmer
2000639,224,79,1.0,Devil's Delight Blazing Hot Sausage
2000640,284,79,1.0,Devil's Delight Blazing Hot Sausage
2000641,284,80,1.0,Pivotal Stomach Calmer
2000642,296,79,1.0,Devil's Delight Blazing Hot Sausage
2000643,296,80,1.0,Pivotal Stomach Calmer
2000644,323,79,1.0,Devil's Delight Blazing Hot Sausage
2000645,327,80,1.0,Pivotal Stomach Calmer
2000646,335,79,1.0,Devil's Delight Blazing Hot Sausage
2000647,387,79,1.0,Devil's Delight Blazing Hot Sausage
2000648,387,80,1.0,Pivotal Stomach Calmer
2000649,391,79,1.0,Devil's Delight Blazing Hot Sausage
2000650,391,80,1.0,Pivotal Stomach Calmer
2000651,403,79,1.0,Devil's Delight Blazing Hot Sausage
2000652,431,80,1.0,Pivotal Stomach Calmer
2000653,435,79,1.0,Devil's Delight Blazing Hot Sausage
2000654,435,80,1.0,Pivotal Stomach Calmer
2000655,439,79,1.0,Devil's Delight Blazing Hot Sausage
2000656,439,80,1.0,Pivotal Stomach Calmer
2000657,475,79,1.0,Devil's Delight Blazing Hot Sausage
2000658,475,80,1.0,Pivotal Stomach Calmer
2000659,523,79,1.0,Devil's Delight Blazing Hot Sausage
2000660,527,79,1.0,Devil's Delight Blazing Hot Sausage
2000661,531,80,1.0,Pivotal Stomach Calmer
2000662,574,79,1.0,Devil's Delight Blazing Hot Sausage
2000663,574,80,1.0,Pivotal Stomach Calmer
2000664,594,80,1.0,Pivotal Stomach Calmer
2000665,610,79,1.0,Devil's Delight Blazing Hot Sausage
2000666,610,80,1.0,Pivotal Stomach Calmer
2000667,622,79,1.0,Devil's Delight Blazing Hot Sausage
2000668,622,80,1.0,Pivotal Stomach Calmer
2000669,682,79,1.0,Devil's Delight Blazing Hot Sausage
2000670,682,80,1.0,Pivotal Stomach Calmer
2000671,698,79,1.0,Devil's Delight Blazing Hot Sausage
2000672,698,80,1.0,Pivotal Stomach Calmer
2000673,710,80,1.0,Pivotal Stomach Calmer
2000674,714,79,1.0,Devil's Delight Blazing Hot Sausage
2000675,714,80,1.0,Pivotal Stomach Calmer
2000676,746,80,1.0,Pivotal Stomach Calmer
2000677,762,79,1.0,Devil's Delight Blazing Hot Sausage
2000678,810,79,1.0,Devil's Delight Blazing Hot Sausage
2000679,814,80,1.0,Pivotal Stomach Calmer
2000680,822,80,1.0,Pivotal Stomach Calmer
2000681,833,79,1.0,Devil's Delight Blazing Hot Sausage
2000682,833,80,1.0,Pivotal Stomach Calmer
2000683,857,80,1.0,Pivotal Stomach Calmer
2000684,861,79,1.0,Devil's Delight Blazing Hot Sausage
2000685,861,80,1.0,Pivotal Stomach Calmer
2000686,873,80,1.0,Pivotal Stomach Calmer
2000687,877,79,1.0,Devil's Delight Blazing Hot Sausage
2000688,885,79,1.0,Devil's Delight Blazing Hot Sausage
2000689,885,80,1.0,Pivotal Stomach Calmer
2000690,905,80,1.0,Pivotal Stomach Calmer
2000691,953,79,1.0,Devil's Delight Blazing Hot Sausage
2000692,953,80,1.0,Pivotal Stomach Calmer
2000693,965,80,1.0,Pivotal Stomach Calmer
2000694,977,79,1.0,Devil's Delight Blazing Hot Sausage
2000695,977,80,1.0,Pivotal Stomach Calmer
2000696,981,80,1.0,Pivotal Stomach Calmer
2000697,985,79,1.0,Devil's Delight Blazing Hot Sausage
2000698,985,80,1.0,Pivotal Stomach Calmer
2000699,1066,79,1.0,Devil's Delight Blazing Hot Sausage
2000700,1066,80,1.0,Pivotal Stomach Calmer
2000701,1086,79,1.0,Devil's Delight Blazing Hot Sausage
2000702,1086,80,1.0,Pivotal Stomach Calmer
2000703,1094,80,1.0,Pivotal Stomach Calmer
2000704,1099,79,1.0,Devil's Delight Blazing Hot Sausage
2000705,1099,80,1.0,Pivotal Stomach Calmer
2000706,1103,79,1.0,Devil's Delight Blazing Hot Sausage
2000707,1103,80,1.0,Pivotal Stomach Calmer
2000708,1111,79,1.0,Devil's Delight Blazing Hot Sausage
2000709,1111,80,1.0,Pivotal Stomach Calmer
2000710,1115,80,1.0,Pivotal Stomach Calmer
2000711,1123,79,1.0,Devil's Delight Blazing Hot Sausage
2000712,1123,80,1.0,Pivotal Stomach Calmer
2000713,1151,79,1.0,Devil's Delight Blazing Hot Sausage
2000714,1151,80,1.0,Pivotal Stomach Calmer
2000715,1199,79,1.0,Devil's Delight Blazing Hot Sausage
2000716,1223,80,1.0,Pivotal Stomach Calmer
2000717,1251,80,1.0,Pivotal Stomach Calmer
2000718,1295,79,1.0,Devil's Delight Blazing Hot Sausage
2000719,1295,80,1.0,Pivotal Stomach Calmer
2000720,1303,79,1.0,Devil's Delight Blazing Hot Sausage
2000721,1303,80,1.0,Pivotal Stomach Calmer
2000722,1319,79,1.0,Devil's Delight Blazing Hot Sausage
2000723,1339,79,1.0,Devil's Delight Blazing Hot Sausage
2000724,1339,80,1.0,Pivotal Stomach Calmer
2000725,1384,79,1.0,Devil's Delight Blazing Hot Sausage
2000726,1384,80,1.0,Pivotal Stomach Calmer
2000727,1392,79,1.0,Devil's Delight Blazing Hot Sausage
2000728,1392,80,1.0,Pivotal Stomach Calmer
2000729,1428,79,1.0,Devil's Delight Blazing Hot Sausage
2000730,1428,80,1.0,Pivotal Stomach Calmer
2000731,1440,79,1.0,Devil's Delight Blazing Hot Sausage
2000732,1440,80,1.0,Pivotal Stomach Calmer
2000733,1448,79,1.0,Devil's Delight Blazing Hot Sausage
2000734,1448,80,1.0,Pivotal Stomach Calmer
2000735,1512,79,1.0,Devil's Delight Blazing Hot Sausage
2000736,1512,80,1.0,Pivotal Stomach Calmer
2000737,1528,80,1.0,Pivotal Stomach Calmer
2000738,1544,79,1.0,Devil's Delight Blazing Hot Sausage
2000739,1552,79,1.0,Devil's Delight Blazing Hot Sausage
2000740,1552,80,1.0,Pivotal Stomach Calmer
2000741,1576,79,1.0,Devil's Delight Blazing Hot Sausage
2000742,1576,80,1.0,Pivotal Stomach Calmer
2000743,1592,79,1.0,Devil's Delight Blazing Hot Sausage
2000744,1608,79,1.0,Devil's Delight Blazing Hot Sausage
2000745,1625,80,1.0,Pivotal Stomach Calmer
2000746,1629,79,1.0,Devil's Delight Blazing Hot Sausage
2000747,1629,80,1.0,Pivotal Stomach Calmer
2000748,1645,79,1.0,Devil's Delight Blazing Hot Sausage
2000749,1645,80,1.0,Pivotal Stomach Calmer
2000750,1681,79,1.0,Devil's Delight Blazing Hot Sausage
2000751,1681,80,1.0,Pivotal Stomach Calmer
2000752,1705,79,1.0,Devil's Delight Blazing Hot Sausage
2000753,1705,80,1.0,Pivotal Stomach Calmer
2000754,1725,80,1.0,Pivotal Stomach Calmer
2000755,1741,79,1.0,Devil's Delight Blazing Hot Sausage
2000756,1773,79,1.0,Devil's Delight Blazing Hot Sausage
2000757,1773,80,1.0,Pivotal Stomach Calmer
2000758,1789,79,1.0,Devil's Delight Blazing Hot Sausage
2000759,1813,79,1.0,Devil's Delight Blazing Hot Sausage
2000760,1813,80,1.0,Pivotal Stomach Calmer
2000761,1821,80,1.0,Pivotal Stomach Calmer
2000762,1829,79,1.0,Devil's Delight Blazing Hot Sausage
2000763,1853,79,1.0,Devil's Delight Blazing Hot Sausage
2000764,1857,80,1.0,Pivotal Stomach Calmer
2000765,1866,79,1.0,Devil's Delight Blazing Hot Sausage
2000766,1866,80,1.0,Pivotal Stomach Calmer
2000767,1878,79,1.0,Devil's Delight Blazing Hot Sausage
2000768,1878,80,1.0,Pivotal Stomach Calmer
2000769,1906,79,1.0,Devil's Delight Blazing Hot Sausage
2000770,1906,80,1.0,Pivotal Stomach Calmer
2000771,1922,79,1.0,Devil's Delight Blazing Hot Sausage
2000772,1954,79,1.0,Devil's Delight Blazing Hot Sausage
2000773,1954,80,1.0,Pivotal Stomach Calmer
2000774,1962,79,1.0,Devil's Delight Blazing Hot Sausage
2000775,1962,80,1.0,Pivotal Stomach Calmer
2000776,1994,79,1.0,Devil's Delight Blazing Hot Sausage
2000777,2004,79,1.0,Devil's Delight Blazing Hot Sausage
2000778,2008,79,1.0,Devil's Delight Blazing Hot Sausage
2000779,2008,80,1.0,Pivotal Stomach Calmer
2000780,2105,79,1.0,Devil's Delight Blazing Hot Sausage
2000781,2105,80,1.0,Pivotal Stomach Calmer
2000782,2141,79,1.0,Devil's Delight Blazing Hot Sausage
2000783,2141,80,1.0,Pivotal Stomach Calmer
2000784,2145,79,1.0,Devil's Delight Blazing Hot Sausage
2000785,2177,80,1.0,Pivotal Stomach Calmer
2000786,2181,80,1.0,Pivotal Stomach Calmer
2000787,2189,79,1.0,Devil's Delight Blazing Hot Sausage
2000788,2189,80,1.0,Pivotal Stomach Calmer
2000789,2314,79,1.0,Devil's Delight Blazing Hot Sausage
2000790,2314,80,1.0,Pivotal Stomach Calmer
2000791,2318,79,1.0,Devil's Delight Blazing Hot Sausage
2000792,2318,80,1.0,Pivotal Stomach Calmer
2000793,2330,79,1.0,Devil's Delight Blazing Hot Sausage
2000794,2366,79,1.0,Devil's Delight Blazing Hot Sausage
2000795,2366,80,1.0,Pivotal Stomach Calmer
2000796,2434,79,1.0,Devil's Delight Blazing Hot Sausage
2000797,2434,80,1.0,Pivotal Stomach Calmer
2000798,2466,80,1.0,Pivotal Stomach Calmer
2000799,2490,79,1.0,Devil's Delight Blazing Hot Sausage
2000800,2490,80,1.0,Pivotal Stomach Calmer
2000801,2518,79,1.0,Devil's Delight Blazing Hot Sausage
2000802,2518,80,1.0,Pivotal Stomach Calmer
2000803,2547,80,1.0,Pivotal Stomach Calmer
2000804,2555,80,1.0,Pivotal Stomach Calmer
2000805,2611,79,1.0,Devil's Delight Blazing Hot Sausage
2000806,2611,80,1.0,Pivotal Stomach Calmer
2000807,2623,79,1.0,Devil's Delight Blazing Hot Sausage
2000808,2623,80,1.0,Pivotal Stomach Calmer
2000809,2667,79,1.0,Devil's Delight Blazing Hot Sausage
2000810,2667,80,1.0,Pivotal Stomach Calmer
2000811,2675,80,1.0,Pivotal Stomach Calmer
2000812,2679,79,1.0,Devil's Delight Blazing Hot Sausage
2000813,2707,79,1.0,Devil's Delight Blazing Hot Sausage
2000814,2714,80,1.0,Pivotal Stomach Calmer
2000815,2754,79,1.0,Devil's Delight Blazing Hot Sausage
2000816,2762,79,1.0,Devil's Delight Blazing Hot Sausage
2000817,2762,80,1.0,Pivotal Stomach Calmer
2000818,2766,80,1.0,Pivotal Stomach Calmer
2000819,2774,79,1.0,Devil's Delight Blazing Hot Sausage
2000820,2774,80,1.0,Pivotal Stomach Calmer
2000821,2786,79,1.0,Devil's Delight Blazing Hot Sausage
2000822,2786,80,1.0,Pivotal Stomach Calmer
2000823,2809,80,1.0,Pivotal Stomach Calmer
2000824,2825,79,1.0,Devil's Delight Blazing Hot Sausage
2000825,2853,79,1.0,Devil's Delight Blazing Hot Sausage
2000826,2853,80,1.0,Pivotal Stomach Calmer
2000827,2865,79,1.0,Devil's Delight Blazing Hot Sausage
2000828,2901,80,1.0,Pivotal Stomach Calmer
2000829,2929,80,1.0,Pivotal Stomach Calmer
2000830,2965,79,1.0,Devil's Delight Blazing Hot Sausage
2000831,2965,80,1.0,Pivotal Stomach Calmer
2000832,3006,79,1.0,Devil's Delight Blazing Hot Sausage
2000833,3010,79,1.0,Devil's Delight Blazing Hot Sausage
2000834,3010,80,1.0,Pivotal Stomach Calmer
2000835,3062,79,1.0,Devil's Delight Blazing Hot Sausage
2000836,3062,80,1.0,Pivotal Stomach Calmer
2000837,3066,79,1.0,Devil's Delight Blazing Hot Sausage
2000838,3066,80,1.0,Pivotal Stomach Calmer
2000839,3070,80,1.0,Pivotal Stomach Calmer
2000840,3119,79,1.0,Devil's Delight Blazing Hot Sausage
2000841,3123,79,1.0,Devil's Delight Blazing Hot Sausage
2000842,3123,80,1.0,Pivotal Stomach Calmer
2000843,3127,79,1.0,Devil's Delight Blazing Hot Sausage
2000844,3127,80,1.0,Pivotal Stomach Calmer
2000845,3151,79,1.0,Devil's Delight Blazing Hot Sausage
2000846,3195,79,1.0,Devil's Delight Blazing Hot Sausage
2000847,3195,80,1.0,Pivotal Stomach Calmer
2000848,3219,80,1.0,Pivotal Stomach Calmer
2000849,3235,79,1.0,Devil's Delight Blazing Hot Sausage
2000850,3235,80,1.0,Pivotal Stomach Calmer
2000851,3247,79,1.0,Devil's Delight Blazing Hot Sausage
2000852,3247,80,1.0,Pivotal Stomach Calmer
2000853,3259,79,1.0,Devil's Delight Blazing Hot Sausage
2000854,3259,80,1.0,Pivotal Stomach Calmer
2000855,3267,79,1.0,Devil's Delight Blazing Hot Sausage
2000856,3271,79,1.0,Devil's Delight Blazing Hot Sausage
2000857,3303,79,1.0,Devil's Delight Blazing Hot Sausage
2000858,3303,80,1.0,Pivotal Stomach Calmer
2000859,3327,79,1.0,Devil's Delight Blazing Hot Sausage
2000860,3335,80,1.0,Pivotal Stomach Calmer
2000861,3339,79,1.0,Devil's Delight Blazing Hot Sausage
2000862,3355,80,1.0,Pivotal Stomach Calmer
2000863,3367,79,1.0,Devil's Delight Blazing Hot Sausage
2000864,3367,80,1.0,Pivotal Stomach Calmer
2000865,3376,80,1.0,Pivotal Stomach Calmer
2000866,3408,79,1.0,Devil's Delight Blazing Hot Sausage
2000867,3408,80,1.0,Pivotal Stomach Calmer
2000868,3428,79,1.0,Devil's Delight Blazing Hot Sausage
2000869,3428,80,1.0,Pivotal Stomach Calmer
2000870,3448,79,1.0,Devil's Delight Blazing Hot Sausage
2000871,3448,80,1.0,Pivotal Stomach Calmer
2000872,3468,80,1.0,Pivotal Stomach Calmer
2000873,3484,79,1.0,Devil's Delight Blazing Hot Sausage
2000874,3484,80,1.0,Pivotal Stomach Calmer
2000875,3504,79,1.0,Devil's Delight Blazing Hot Sausage
2000876,3504,80,1.0,Pivotal Stomach Calmer
2000877,3516,79,1.0,Devil's Delight Blazing Hot Sausage
2000878,3524,79,1.0,Devil's Delight Blazing Hot Sausage
2000879,3548,79,1.0,Devil's Delight Blazing Hot Sausage
2000880,3548,80,1.0,Pivotal Stomach Calmer
2000881,3584,79,1.0,Devil's Delight Blazing Hot Sausage
2000882,3645,80,1.0,Pivotal Stomach Calmer
2000883,3649,80,1.0,Pivotal Stomach Calmer
2000884,3653,79,1.0,Devil's Delight Blazing Hot Sausage
2000885,3653,80,1.0,Pivotal Stomach Calmer
2000886,3661,79,1.0,Devil's Delight Blazing Hot Sausage
2000887,3661,80,1.0,Pivotal Stomach Calmer
2000888,3677,79,1.0,Devil's Delight Blazing Hot Sausage
2000889,3677,80,1.0,Pivotal Stomach Calmer
2000890,3697,79,1.0,Devil's Delight Blazing Hot Sausage
2000891,3697,80,1.0,Pivotal Stomach Calmer
2000892,3701,80,1.0,Pivotal Stomach Calmer
2000893,3737,79,1.0,Devil's Delight Blazing Hot Sausage
2000894,3737,80,1.0,Pivotal Stomach Calmer
2000895,3761,80,1.0,Pivotal Stomach Calmer
2000896,3773,79,1.0,Devil's Delight Blazing Hot Sausage
2000897,3773,80,1.0,Pivotal Stomach Calmer
2000898,3789,79,1.0,Devil's Delight Blazing Hot Sausage
2000899,3789,80,1.0,Pivotal Stomach Calmer
2000900,3793,79,1.0,Devil's Delight Blazing Hot Sausage
2000901,3809,79,1.0,Devil's Delight Blazing Hot Sausage
2000902,3809,80,1.0,Pivotal Stomach Calmer
2000903,3825,79,1.0,Devil's Delight Blazing Hot Sausage
2000904,3825,80,1.0,Pivotal Stomach Calmer
2000905,3837,80,1.0,Pivotal Stomach Calmer
2000906,3845,80,1.0,Pivotal Stomach Calmer
2000907,3910,80,1.0,Pivotal Stomach Calmer
2000908,3934,79,1.0,Devil's Delight Blazing Hot Sausage
2000909,3934,80,1.0,Pivotal Stomach Calmer
2000910,3954,80,1.0,Pivotal Stomach Calmer
2000911,3958,79,1.0,Devil's Delight Blazing Hot Sausage
2000912,3958,80,1.0,Pivotal Stomach Calmer
2000913,3974,79,1.0,Devil's Delight Blazing Hot Sausage
2000914,3974,80,1.0,Pivotal Stomach Calmer
2000915,3978,79,1.0,Devil's Delight Blazing Hot Sausage
2000916,3978,80,1.0,Pivotal Stomach Calmer
2000917,3998,79,1.0,Devil's Delight Blazing Hot Sausage
2000918,4066,79,1.0,Devil's Delight Blazing Hot Sausage
2000919,4066,80,1.0,Pivotal Stomach Calmer
2000920,4082,79,1.0,Devil's Delight Blazing Hot Sausage
2000921,4082,80,1.0,Pivotal Stomach Calmer
2000922,4098,79,1.0,Devil's Delight Blazing Hot Sausage
2000923,4098,80,1.0,Pivotal Stomach Calmer
2000924,4126,79,1.0,Devil's Delight Blazing Hot Sausage
2000925,4126,80,1.0,Pivotal Stomach Calmer
2000926,4134,79,1.0,Devil's Delight Blazing Hot Sausage
2000927,4134,80,1.0,Pivotal Stomach Calmer
2000928,4138,79,1.0,Devil's Delight Blazing Hot Sausage
2000929,4174,79,1.0,Devil's Delight Blazing Hot Sausage
2000930,4186,79,1.0,Devil's Delight Blazing Hot Sausage
2000931,4186,80,1.0,Pivotal Stomach Calmer
2000932,4194,79,1.0,Devil's Delight Blazing Hot Sausage
2000933,4202,80,1.0,Pivotal Stomach Calmer
2000934,4234,79,1.0,Devil's Delight Blazing Hot Sausage
2000935,4234,80,1.0,Pivotal Stomach Calmer
2000936,4287,79,1.0,Devil's Delight Blazing Hot Sausage
2000937,4319,79,1.0,Devil's Delight Blazing Hot Sausage
2000938,4363,79,1.0,Devil's Delight Blazing Hot Sausage
2000939,4363,80,1.0,Pivotal Stomach Calmer
2000940,4387,79,1.0,Devil's Delight Blazing Hot Sausage
2000941,4455,80,1.0,Pivotal Stomach Calmer
2000942,4471,79,1.0,Devil's Delight Blazing Hot Sausage
2000943,4471,80,1.0,Pivotal Stomach Calmer
2000944,4491,79,1.0,Devil's Delight Blazing Hot Sausage
2000945,4495,79,1.0,Devil's Delight Blazing Hot Sausage
2000946,4495,80,1.0,Pivotal Stomach Calmer
2000947,4539,79,1.0,Devil's Delight Blazing Hot Sausage
2000948,4548,79,1.0,Devil's Delight Blazing Hot Sausage
2000949,4548,80,1.0,Pivotal Stomach Calmer
2000950,4572,79,1.0,Devil's Delight Blazing Hot Sausage
2000951,4572,80,1.0,Pivotal Stomach Calmer
2000952,4580,79,1.0,Devil's Delight Blazing Hot Sausage
2000953,4584,79,1.0,Devil's Delight Blazing Hot Sausage
2000954,4584,80,1.0,Pivotal Stomach Calmer
2000955,4588,79,1.0,Devil's Delight Blazing Hot Sausage
2000956,4588,80,1.0,Pivotal Stomach Calmer
2000957,4596,80,1.0,Pivotal Stomach Calmer
2000958,4608,79,1.0,Devil's Delight Blazing Hot Sausage
2000959,4608,80,1.0,Pivotal Stomach Calmer
2000960,4620,80,1.0,Pivotal Stomach Calmer
2000961,4648,79,1.0,Devil's Delight Blazing Hot Sausage
2000962,4648,80,1.0,Pivotal Stomach Calmer
2000963,4652,79,1.0,Devil's Delight Blazing Hot Sausage
2000964,4652,80,1.0,Pivotal Stomach Calmer
2000965,4676,79,1.0,Devil's Delight Blazing Hot Sausage
2000966,4676,80,1.0,Pivotal Stomach Calmer
2000967,4692,79,1.0,Devil's Delight Blazing Hot Sausage
2000968,4692,80,1.0,Pivotal Stomach Calmer
2000969,4700,80,1.0,Pivotal Stomach Calmer
2000970,4728,79,1.0,Devil's Delight Blazing Hot Sausage
2000971,4728,80,1.0,Pivotal Stomach Calmer
2000972,4748,79,1.0,Devil's Delight Blazing Hot Sausage
2000973,4756,80,1.0,Pivotal Stomach Calmer
2000974,4833,80,1.0,Pivotal Stomach Calmer
2000975,4853,79,1.0,Devil's Delight Blazing Hot Sausage
2000976,4853,80,1.0,Pivotal Stomach Calmer
2000977,4869,79,1.0,Devil's Delight Blazing Hot Sausage
2000978,4921,79,1.0,Devil's Delight Blazing Hot Sausage
2000979,4929,79,1.0,Devil's Delight Blazing Hot Sausage
2000980,4929,80,1.0,Pivotal Stomach Calmer
2000981,4933,79,1.0,Devil's Delight Blazing Hot Sausage
2000982,4933,80,1.0,Pivotal Stomach Calmer
2000983,4945,79,1.0,Devil's Delight Blazing Hot Sausage
2000984,4945,80,1.0,Pivotal Stomach Calmer
2000985,4977,80,1.0,Pivotal Stomach Calmer
2000986,5003,79,1.0,Devil's Delight Blazing Hot Sausage
2000987,5003,80,1.0,Pivotal Stomach Calmer
2000988,5007,79,1.0,Devil's Delight Blazing Hot Sausage
2000989,5007,80,1.0,Pivotal Stomach Calmer
2000990,5019,80,1.0,Pivotal Stomach Calmer
2000991,5035,80,1.0,Pivotal Stomach Calmer
2000992,5043,79,1.0,Devil's Delight Blazing Hot Sausage
2000993,5051,80,1.0,Pivotal Stomach Calmer
2000994,5075,80,1.0,Pivotal Stomach Calmer
2000995,5091,80,1.0,Pivotal Stomach Calmer
2000996,5095,79,1.0,Devil's Delight Blazing Hot Sausage
2000997,5095,80,1.0,Pivotal Stomach Calmer
2000998,5111,79,1.0,Devil's Delight Blazing Hot Sausage
2000999,5111,80,1.0,Pivotal Stomach Calmer
2001000,5115,79,1.0,Devil's Delight Blazing Hot Sausage
2001001,5163,79,1.0,Devil's Delight Blazing Hot Sausage
2001002,5163,80,1.0,Pivotal Stomach Calmer
2001003,5171,79,1.0,Devil's Delight Blazing Hot Sausage
2001004,5171,80,1.0,Pivotal Stomach Calmer
2001005,5175,79,1.0,Devil's Delight Blazing Hot Sausage
2001006,5175,80,1.0,Pivotal Stomach Calmer
2001007,5187,79,1.0,Devil's Delight Blazing Hot Sausage
2001008,5187,80,1.0,Pivotal Stomach Calmer
2001009,5192,79,1.0,Devil's Delight Blazing Hot Sausage
2001010,5192,80,1.0,Pivotal Stomach Calmer
2001011,5208,79,1.0,Devil's Delight Blazing Hot Sausage
2001012,5208,80,1.0,Pivotal Stomach Calmer
2001013,5216,79,1.0,Devil's Delight Blazing Hot Sausage
2001014,5216,80,1.0,Pivotal Stomach Calmer
2001015,5244,79,1.0,Devil's Delight Blazing Hot Sausage
2001016,5244,80,1.0,Pivotal Stomach Calmer
2001017,5264,79,1.0,Devil's Delight Blazing Hot Sausage
2001018,5264,80,1.0,Pivotal Stomach Calmer
2001019,5276,79,1.0,Devil's Delight Blazing Hot Sausage
2001020,5276,80,1.0,Pivotal Stomach Calmer
2001021,5280,79,1.0,Devil's Delight Blazing Hot Sausage
2001022,5280,80,1.0,Pivotal Stomach Calmer
2001023,5284,80,1.0,Pivotal Stomach Calmer
2001024,5296,80,1.0,Pivotal Stomach Calmer
2001025,5400,80,1.0,Pivotal Stomach Calmer
2001026,2709,80,1.0,Pivotal Stomach Calmer
2001027,2721,79,1.0,Devil's Delight Blazing Hot Sausage
2001028,2721,80,1.0,Pivotal Stomach Calmer
2001029,2781,79,1.0,Devil's Delight Blazing Hot Sausage
2001030,2781,80,1.0,Pivotal Stomach Calmer
2001031,2810,80,1.0,Pivotal Stomach Calmer
2001032,2818,79,1.0,Devil's Delight Blazing Hot Sausage
2001033,2818,80,1.0,Pivotal Stomach Calmer
2001034,2850,79,1.0,Devil's Delight Blazing Hot Sausage
2001035,2850,80,1.0,Pivotal Stomach Calmer
2001036,2854,80,1.0,Pivotal Stomach Calmer
2001037,2866,79,1.0,Devil's Delight Blazing Hot Sausage
2001038,2866,80,1.0,Pivotal Stomach Calmer
2001039,2874,80,1.0,Pivotal Stomach Calmer
2001040,2882,79,1.0,Devil's Delight Blazing Hot Sausage
2001041,2882,80,1.0,Pivotal Stomach Calmer
2001042,2886,79,1.0,Devil's Delight Blazing Hot Sausage
2001043,2890,79,1.0,Devil's Delight Blazing Hot Sausage
2001044,2890,80,1.0,Pivotal Stomach Calmer
2001045,2894,79,1.0,Devil's Delight Blazing Hot Sausage
2001046,2906,79,1.0,Devil's Delight Blazing Hot Sausage
2001047,2906,80,1.0,Pivotal Stomach Calmer
2001048,2934,79,1.0,Devil's Delight Blazing Hot Sausage
2001049,2934,80,1.0,Pivotal Stomach Calmer
2001050,2946,80,1.0,Pivotal Stomach Calmer
2001051,2950,79,1.0,Devil's Delight Blazing Hot Sausage
2001052,2950,80,1.0,Pivotal Stomach Calmer
2001053,2966,79,1.0,Devil's Delight Blazing Hot Sausage
2001054,2966,80,1.0,Pivotal Stomach Calmer
2001055,2974,79,1.0,Devil's Delight Blazing Hot Sausage
2001056,2974,80,1.0,Pivotal Stomach Calmer
2001057,2994,79,1.0,Devil's Delight Blazing Hot Sausage
2001058,2994,80,1.0,Pivotal Stomach Calmer
2001059,2998,79,1.0,Devil's Delight Blazing Hot Sausage
2001060,2998,80,1.0,Pivotal Stomach Calmer
2001061,3013,79,1.0,Devil's Delight Blazing Hot Sausage
2001062,3013,80,1.0,Pivotal Stomach Calmer
2001063,3017,79,1.0,Devil's Delight Blazing Hot Sausage
2001064,3029,79,1.0,Devil's Delight Blazing Hot Sausage
2001065,3029,80,1.0,Pivotal Stomach Calmer
2001066,3033,79,1.0,Devil's Delight Blazing Hot Sausage
2001067,3033,80,1.0,Pivotal Stomach Calmer
2001068,3041,80,1.0,Pivotal Stomach Calmer
2001069,3045,79,1.0,Devil's Delight Blazing Hot Sausage
2001070,3049,80,1.0,Pivotal Stomach Calmer
2001071,3113,79,1.0,Devil's Delight Blazing Hot Sausage
2001072,3113,80,1.0,Pivotal Stomach Calmer
2001073,3124,80,1.0,Pivotal Stomach Calmer
2001074,3180,79,1.0,Devil's Delight Blazing Hot Sausage
2001075,3184,79,1.0,Devil's Delight Blazing Hot Sausage
2001076,3204,79,1.0,Devil's Delight Blazing Hot Sausage
2001077,3204,80,1.0,Pivotal Stomach Calmer
2001078,3208,79,1.0,Devil's Delight Blazing Hot Sausage
2001079,3208,80,1.0,Pivotal Stomach Calmer
2001080,3236,79,1.0,Devil's Delight Blazing Hot Sausage
2001081,3256,80,1.0,Pivotal Stomach Calmer
2001082,3316,79,1.0,Devil's Delight Blazing Hot Sausage
2001083,3316,80,1.0,Pivotal Stomach Calmer
2001084,3324,79,1.0,Devil's Delight Blazing Hot Sausage
2001085,3328,79,1.0,Devil's Delight Blazing Hot Sausage
2001086,3328,80,1.0,Pivotal Stomach Calmer
2001087,3340,79,1.0,Devil's Delight Blazing Hot Sausage
2001088,3344,79,1.0,Devil's Delight Blazing Hot Sausage
2001089,3344,80,1.0,Pivotal Stomach Calmer
2001090,3399,79,1.0,Devil's Delight Blazing Hot Sausage
2001091,3399,80,1.0,Pivotal Stomach Calmer
2001092,3435,79,1.0,Devil's Delight Blazing Hot Sausage
2001093,3435,80,1.0,Pivotal Stomach Calmer
2001094,3439,79,1.0,Devil's Delight Blazing Hot Sausage
2001095,3439,80,1.0,Pivotal Stomach Calmer
2001096,3447,80,1.0,Pivotal Stomach Calmer
2001097,3455,79,1.0,Devil's Delight Blazing Hot Sausage
2001098,3455,80,1.0,Pivotal Stomach Calmer
2001099,3483,80,1.0,Pivotal Stomach Calmer
2001100,3495,79,1.0,Devil's Delight Blazing Hot Sausage
2001101,3495,80,1.0,Pivotal Stomach Calmer
2001102,3499,79,1.0,Devil's Delight Blazing Hot Sausage
2001103,3499,80,1.0,Pivotal Stomach Calmer
2001104,3519,79,1.0,Devil's Delight Blazing Hot Sausage
2001105,3519,80,1.0,Pivotal Stomach Calmer
2001106,3527,79,1.0,Devil's Delight Blazing Hot Sausage
2001107,3599,79,1.0,Devil's Delight Blazing Hot Sausage
2001108,3599,80,1.0,Pivotal Stomach Calmer
2001109,3615,79,1.0,Devil's Delight Blazing Hot Sausage
2001110,3634,79,1.0,Devil's Delight Blazing Hot Sausage
2001111,3642,79,1.0,Devil's Delight Blazing Hot Sausage
2001112,3694,79,1.0,Devil's Delight Blazing Hot Sausage
2001113,3758,79,1.0,Devil's Delight Blazing Hot Sausage
2001114,3766,79,1.0,Devil's Delight Blazing Hot Sausage
2001115,3782,79,1.0,Devil's Delight Blazing Hot Sausage
2001116,3782,80,1.0,Pivotal Stomach Calmer
2001117,3790,79,1.0,Devil's Delight Blazing Hot Sausage
2001118,3790,80,1.0,Pivotal Stomach Calmer
2001119,3830,80,1.0,Pivotal Stomach Calmer
2001120,3870,79,1.0,Devil's Delight Blazing Hot Sausage
2001121,3870,80,1.0,Pivotal Stomach Calmer
2001122,3885,79,1.0,Devil's Delight Blazing Hot Sausage
2001123,3885,80,1.0,Pivotal Stomach Calmer
2001124,3905,79,1.0,Devil's Delight Blazing Hot Sausage
2001125,3905,80,1.0,Pivotal Stomach Calmer
2001126,3913,79,1.0,Devil's Delight Blazing Hot Sausage
2001127,3913,80,1.0,Pivotal Stomach Calmer
2001128,3917,79,1.0,Devil's Delight Blazing Hot Sausage
2001129,3917,80,1.0,Pivotal Stomach Calmer
2001130,3929,79,1.0,Devil's Delight Blazing Hot Sausage
2001131,3929,80,1.0,Pivotal Stomach Calmer
2001132,3945,79,1.0,Devil's Delight Blazing Hot Sausage
2001133,3945,80,1.0,Pivotal Stomach Calmer
2001134,3949,79,1.0,Devil's Delight Blazing Hot Sausage
2001135,3977,80,1.0,Pivotal Stomach Calmer
2001136,3981,79,1.0,Devil's Delight Blazing Hot Sausage
2001137,4006,79,1.0,Devil's Delight Blazing Hot Sausage
2001138,4006,80,1.0,Pivotal Stomach Calmer
2001139,4010,80,1.0,Pivotal Stomach Calmer
2001140,4014,79,1.0,Devil's Delight Blazing Hot Sausage
2001141,4014,80,1.0,Pivotal Stomach Calmer
2001142,4069,79,1.0,Devil's Delight Blazing Hot Sausage
2001143,4081,79,1.0,Devil's Delight Blazing Hot Sausage
2001144,4081,80,1.0,Pivotal Stomach Calmer
2001145,4085,79,1.0,Devil's Delight Blazing Hot Sausage
2001146,4085,80,1.0,Pivotal Stomach Calmer
2001147,4125,79,1.0,Devil's Delight Blazing Hot Sausage
2001148,4125,80,1.0,Pivotal Stomach Calmer
2001149,4141,80,1.0,Pivotal Stomach Calmer
2001150,4153,79,1.0,Devil's Delight Blazing Hot Sausage
2001151,4153,80,1.0,Pivotal Stomach Calmer
2001152,4157,80,1.0,Pivotal Stomach Calmer
2001153,4165,79,1.0,Devil's Delight Blazing Hot Sausage
2001154,4181,79,1.0,Devil's Delight Blazing Hot Sausage
2001155,4181,80,1.0,Pivotal Stomach Calmer
2001156,4217,79,1.0,Devil's Delight Blazing Hot Sausage
2001157,4217,80,1.0,Pivotal Stomach Calmer
2001158,4237,79,1.0,Devil's Delight Blazing Hot Sausage
2001159,4245,79,1.0,Devil's Delight Blazing Hot Sausage
2001160,4245,80,1.0,Pivotal Stomach Calmer
2001161,4292,79,1.0,Devil's Delight Blazing Hot Sausage
2001162,4292,80,1.0,Pivotal Stomach Calmer
2001163,4308,79,1.0,Devil's Delight Blazing Hot Sausage
2001164,4308,80,1.0,Pivotal Stomach Calmer
2001165,4324,79,1.0,Devil's Delight Blazing Hot Sausage
2001166,4324,80,1.0,Pivotal Stomach Calmer
2001167,4328,80,1.0,Pivotal Stomach Calmer
2001168,4336,79,1.0,Devil's Delight Blazing Hot Sausage
2001169,4336,80,1.0,Pivotal Stomach Calmer
2001170,4340,79,1.0,Devil's Delight Blazing Hot Sausage
2001171,4340,80,1.0,Pivotal Stomach Calmer
2001172,4344,80,1.0,Pivotal Stomach Calmer
2001173,4348,79,1.0,Devil's Delight Blazing Hot Sausage
2001174,4348,80,1.0,Pivotal Stomach Calmer
2001175,4360,80,1.0,Pivotal Stomach Calmer
2001176,4392,79,1.0,Devil's Delight Blazing Hot Sausage
2001177,4392,80,1.0,Pivotal Stomach Calmer
2001178,4396,79,1.0,Devil's Delight Blazing Hot Sausage
2001179,4396,80,1.0,Pivotal Stomach Calmer
2001180,4432,79,1.0,Devil's Delight Blazing Hot Sausage
2001181,4460,80,1.0,Pivotal Stomach Calmer
2001182,4504,79,1.0,Devil's Delight Blazing Hot Sausage
2001183,4516,79,1.0,Devil's Delight Blazing Hot Sausage
2001184,4516,80,1.0,Pivotal Stomach Calmer
2001185,4524,80,1.0,Pivotal Stomach Calmer
2001186,4567,80,1.0,Pivotal Stomach Calmer
2001187,4583,79,1.0,Devil's Delight Blazing Hot Sausage
2001188,4587,80,1.0,Pivotal Stomach Calmer
2001189,4591,80,1.0,Pivotal Stomach Calmer
2001190,4611,79,1.0,Devil's Delight Blazing Hot Sausage
2001191,4611,80,1.0,Pivotal Stomach Calmer
2001192,4631,79,1.0,Devil's Delight Blazing Hot Sausage
2001193,4659,79,1.0,Devil's Delight Blazing Hot Sausage
2001194,4659,80,1.0,Pivotal Stomach Calmer
2001195,4671,80,1.0,Pivotal Stomach Calmer
2001196,4699,79,1.0,Devil's Delight Blazing Hot Sausage
2001197,4699,80,1.0,Pivotal Stomach Calmer
2001198,4727,79,1.0,Devil's Delight Blazing Hot Sausage
2001199,4743,79,1.0,Devil's Delight Blazing Hot Sausage
2001200,4787,80,1.0,Pivotal Stomach Calmer
2001201,4791,79,1.0,Devil's Delight Blazing Hot Sausage
2001202,4791,80,1.0,Pivotal Stomach Calmer
2001203,4818,79,1.0,Devil's Delight Blazing Hot Sausage
2001204,4818,80,1.0,Pivotal Stomach Calmer
2001205,4838,79,1.0,Devil's Delight Blazing Hot Sausage
2001206,4838,80,1.0,Pivotal Stomach Calmer
2001207,4846,80,1.0,Pivotal Stomach Calmer
2001208,4874,80,1.0,Pivotal Stomach Calmer
2001209,4878,79,1.0,Devil's Delight Blazing Hot Sausage
2001210,4882,79,1.0,Devil's Delight Blazing Hot Sausage
2001211,4882,80,1.0,Pivotal Stomach Calmer
2001212,4890,79,1.0,Devil's Delight Blazing Hot Sausage
2001213,4930,79,1.0,Devil's Delight Blazing Hot Sausage
2001214,4930,80,1.0,Pivotal Stomach Calmer
2001215,4998,79,1.0,Devil's Delight Blazing Hot Sausage
2001216,4998,80,1.0,Pivotal Stomach Calmer
2001217,5024,79,1.0,Devil's Delight Blazing Hot Sausage
2001218,5024,80,1.0,Pivotal Stomach Calmer
2001219,5044,79,1.0,Devil's Delight Blazing Hot Sausage
2001220,5044,80,1.0,Pivotal Stomach Calmer
2001221,5100,79,1.0,Devil's Delight Blazing Hot Sausage
2001222,5132,79,1.0,Devil's Delight Blazing Hot Sausage
2001223,5132,80,1.0,Pivotal Stomach Calmer
2001224,5180,79,1.0,Devil's Delight Blazing Hot Sausage
2001225,5180,80,1.0,Pivotal Stomach Calmer
2001226,5239,79,1.0,Devil's Delight Blazing Hot Sausage
2001227,5239,80,1.0,Pivotal Stomach Calmer
2001228,5251,79,1.0,Devil's Delight Blazing Hot Sausage
2001229,5251,80,1.0,Pivotal Stomach Calmer
2001230,5275,80,1.0,Pivotal Stomach Calmer
2001231,5287,80,1.0,Pivotal Stomach Calmer
2001232,5295,80,1.0,Pivotal Stomach Calmer
2001233,5327,79,1.0,Devil's Delight Blazing Hot Sausage
2001234,5327,80,1.0,Pivotal Stomach Calmer
2001235,5335,79,1.0,Devil's Delight Blazing Hot Sausage
2001236,5335,80,1.0,Pivotal Stomach Calmer
2001237,5355,79,1.0,Devil's Delight Blazing Hot Sausage
2001238,5355,80,1.0,Pivotal Stomach Calmer
2001239,5371,79,1.0,Devil's Delight Blazing Hot Sausage
2001240,5375,79,1.0,Devil's Delight Blazing Hot Sausage
2001241,5375,80,1.0,Pivotal Stomach Calmer
2001242,5379,79,1.0,Devil's Delight Blazing Hot Sausage
2001243,5379,80,1.0,Pivotal Stomach Calmer
2001244,5391,79,1.0,Devil's Delight Blazing Hot Sausage
2001245,5391,80,1.0,Pivotal Stomach Calmer
2001246,2720,79,1.0,Devil's Delight Blazing Hot Sausage
2001247,2748,80,1.0,Pivotal Stomach Calmer
2001248,2756,79,1.0,Devil's Delight Blazing Hot Sausage
2001249,2760,80,1.0,Pivotal Stomach Calmer
2001250,2768,79,1.0,Devil's Delight Blazing Hot Sausage
2001251,2768,80,1.0,Pivotal Stomach Calmer
2001252,2772,79,1.0,Devil's Delight Blazing Hot Sausage
2001253,2772,80,1.0,Pivotal Stomach Calmer
2001254,2799,80,1.0,Pivotal Stomach Calmer
2001255,2835,79,1.0,Devil's Delight Blazing Hot Sausage
2001256,2835,80,1.0,Pivotal Stomach Calmer
2001257,2839,80,1.0,Pivotal Stomach Calmer
2001258,2843,79,1.0,Devil's Delight Blazing Hot Sausage
2001259,2843,80,1.0,Pivotal Stomach Calmer
2001260,2859,79,1.0,Devil's Delight Blazing Hot Sausage
2001261,2859,80,1.0,Pivotal Stomach Calmer
2001262,2863,79,1.0,Devil's Delight Blazing Hot Sausage
2001263,2879,80,1.0,Pivotal Stomach Calmer
2001264,2895,79,1.0,Devil's Delight Blazing Hot Sausage
2001265,2895,80,1.0,Pivotal Stomach Calmer
2001266,2931,80,1.0,Pivotal Stomach Calmer
2001267,2975,80,1.0,Pivotal Stomach Calmer
2001268,3012,79,1.0,Devil's Delight Blazing Hot Sausage
2001269,3012,80,1.0,Pivotal Stomach Calmer
2001270,3016,80,1.0,Pivotal Stomach Calmer
2001271,3052,79,1.0,Devil's Delight Blazing Hot Sausage
2001272,3052,80,1.0,Pivotal Stomach Calmer
2001273,3064,79,1.0,Devil's Delight Blazing Hot Sausage
2001274,3072,79,1.0,Devil's Delight Blazing Hot Sausage
2001275,3076,79,1.0,Devil's Delight Blazing Hot Sausage
2001276,3104,79,1.0,Devil's Delight Blazing Hot Sausage
2001277,3104,80,1.0,Pivotal Stomach Calmer
2001278,3125,79,1.0,Devil's Delight Blazing Hot Sausage
2001279,3125,80,1.0,Pivotal Stomach Calmer
2001280,3129,79,1.0,Devil's Delight Blazing Hot Sausage
2001281,3129,80,1.0,Pivotal Stomach Calmer
2001282,3141,79,1.0,Devil's Delight Blazing Hot Sausage
2001283,3141,80,1.0,Pivotal Stomach Calmer
2001284,3185,79,1.0,Devil's Delight Blazing Hot Sausage
2001285,3185,80,1.0,Pivotal Stomach Calmer
2001286,3225,79,1.0,Devil's Delight Blazing Hot Sausage
2001287,3241,80,1.0,Pivotal Stomach Calmer
2001288,3265,80,1.0,Pivotal Stomach Calmer
2001289,3277,79,1.0,Devil's Delight Blazing Hot Sausage
2001290,3277,80,1.0,Pivotal Stomach Calmer
2001291,3285,79,1.0,Devil's Delight Blazing Hot Sausage
2001292,3297,80,1.0,Pivotal Stomach Calmer
2001293,3386,79,1.0,Devil's Delight Blazing Hot Sausage
2001294,3398,80,1.0,Pivotal Stomach Calmer
2001295,3410,79,1.0,Devil's Delight Blazing Hot Sausage
2001296,3410,80,1.0,Pivotal Stomach Calmer
2001297,3474,79,1.0,Devil's Delight Blazing Hot Sausage
2001298,3486,79,1.0,Devil's Delight Blazing Hot Sausage
2001299,3486,80,1.0,Pivotal Stomach Calmer
2001300,3538,79,1.0,Devil's Delight Blazing Hot Sausage
2001301,3538,80,1.0,Pivotal Stomach Calmer
2001302,3546,79,1.0,Devil's Delight Blazing Hot Sausage
2001303,3554,79,1.0,Devil's Delight Blazing Hot Sausage
2001304,3578,79,1.0,Devil's Delight Blazing Hot Sausage
2001305,3578,80,1.0,Pivotal Stomach Calmer
2001306,3586,80,1.0,Pivotal Stomach Calmer
2001307,3606,80,1.0,Pivotal Stomach Calmer
2001308,3635,79,1.0,Devil's Delight Blazing Hot Sausage
2001309,3635,80,1.0,Pivotal Stomach Calmer
2001310,3639,79,1.0,Devil's Delight Blazing Hot Sausage
2001311,3647,80,1.0,Pivotal Stomach Calmer
2001312,3695,80,1.0,Pivotal Stomach Calmer
2001313,3715,79,1.0,Devil's Delight Blazing Hot Sausage
2001314,3715,80,1.0,Pivotal Stomach Calmer
2001315,3727,80,1.0,Pivotal Stomach Calmer
2001316,3735,79,1.0,Devil's Delight Blazing Hot Sausage
2001317,3735,80,1.0,Pivotal Stomach Calmer
2001318,3755,79,1.0,Devil's Delight Blazing Hot Sausage
2001319,3755,80,1.0,Pivotal Stomach Calmer
2001320,3771,79,1.0,Devil's Delight Blazing Hot Sausage
2001321,3779,79,1.0,Devil's Delight Blazing Hot Sausage
2001322,3779,80,1.0,Pivotal Stomach Calmer
2001323,3807,79,1.0,Devil's Delight Blazing Hot Sausage
2001324,3807,80,1.0,Pivotal Stomach Calmer
2001325,3843,79,1.0,Devil's Delight Blazing Hot Sausage
2001326,3843,80,1.0,Pivotal Stomach Calmer
2001327,3871,80,1.0,Pivotal Stomach Calmer
2001328,3884,79,1.0,Devil's Delight Blazing Hot Sausage
2001329,3892,79,1.0,Devil's Delight Blazing Hot Sausage
2001330,3892,80,1.0,Pivotal Stomach Calmer
2001331,3908,79,1.0,Devil's Delight Blazing Hot Sausage
2001332,3912,79,1.0,Devil's Delight Blazing Hot Sausage
2001333,3912,80,1.0,Pivotal Stomach Calmer
2001334,3952,80,1.0,Pivotal Stomach Calmer
2001335,4128,79,1.0,Devil's Delight Blazing Hot Sausage
2001336,4132,80,1.0,Pivotal Stomach Calmer
2001337,4148,79,1.0,Devil's Delight Blazing Hot Sausage
2001338,4148,80,1.0,Pivotal Stomach Calmer
2001339,4156,80,1.0,Pivotal Stomach Calmer
2001340,4168,79,1.0,Devil's Delight Blazing Hot Sausage
2001341,4168,80,1.0,Pivotal Stomach Calmer
2001342,4172,79,1.0,Devil's Delight Blazing Hot Sausage
2001343,4172,80,1.0,Pivotal Stomach Calmer
2001344,4212,79,1.0,Devil's Delight Blazing Hot Sausage
2001345,4212,80,1.0,Pivotal Stomach Calmer
2001346,4244,80,1.0,Pivotal Stomach Calmer
2001347,4268,80,1.0,Pivotal Stomach Calmer
2001348,4297,79,1.0,Devil's Delight Blazing Hot Sausage
2001349,4305,79,1.0,Devil's Delight Blazing Hot Sausage
2001350,4305,80,1.0,Pivotal Stomach Calmer
2001351,4333,79,1.0,Devil's Delight Blazing Hot Sausage
2001352,4333,80,1.0,Pivotal Stomach Calmer
2001353,4341,79,1.0,Devil's Delight Blazing Hot Sausage
2001354,4341,80,1.0,Pivotal Stomach Calmer
2001355,4345,79,1.0,Devil's Delight Blazing Hot Sausage
2001356,4345,80,1.0,Pivotal Stomach Calmer
2001357,4389,79,1.0,Devil's Delight Blazing Hot Sausage
2001358,4393,79,1.0,Devil's Delight Blazing Hot Sausage
2001359,4393,80,1.0,Pivotal Stomach Calmer
2001360,4401,79,1.0,Devil's Delight Blazing Hot Sausage
2001361,4401,80,1.0,Pivotal Stomach Calmer
2001362,4405,79,1.0,Devil's Delight Blazing Hot Sausage
2001363,4421,80,1.0,Pivotal Stomach Calmer
2001364,4453,80,1.0,Pivotal Stomach Calmer
2001365,4473,79,1.0,Devil's Delight Blazing Hot Sausage
2001366,4473,80,1.0,Pivotal Stomach Calmer
2001367,4497,79,1.0,Devil's Delight Blazing Hot Sausage
2001368,4497,80,1.0,Pivotal Stomach Calmer
2001369,4501,79,1.0,Devil's Delight Blazing Hot Sausage
2001370,4558,79,1.0,Devil's Delight Blazing Hot Sausage
2001371,4558,80,1.0,Pivotal Stomach Calmer
2001372,4582,79,1.0,Devil's Delight Blazing Hot Sausage
2001373,4582,80,1.0,Pivotal Stomach Calmer
2001374,4618,79,1.0,Devil's Delight Blazing Hot Sausage
2001375,4618,80,1.0,Pivotal Stomach Calmer
2001376,4658,79,1.0,Devil's Delight Blazing Hot Sausage
2001377,4658,80,1.0,Pivotal Stomach Calmer
2001378,4670,79,1.0,Devil's Delight Blazing Hot Sausage
2001379,4670,80,1.0,Pivotal Stomach Calmer
2001380,4678,80,1.0,Pivotal Stomach Calmer
2001381,4694,79,1.0,Devil's Delight Blazing Hot Sausage
2001382,4710,79,1.0,Devil's Delight Blazing Hot Sausage
2001383,4710,80,1.0,Pivotal Stomach Calmer
2001384,4718,79,1.0,Devil's Delight Blazing Hot Sausage
2001385,4726,80,1.0,Pivotal Stomach Calmer
2001386,4742,80,1.0,Pivotal Stomach Calmer
2001387,4746,79,1.0,Devil's Delight Blazing Hot Sausage
2001388,4746,80,1.0,Pivotal Stomach Calmer
2001389,4750,79,1.0,Devil's Delight Blazing Hot Sausage
2001390,4750,80,1.0,Pivotal Stomach Calmer
2001391,4766,79,1.0,Devil's Delight Blazing Hot Sausage
2001392,4766,80,1.0,Pivotal Stomach Calmer
2001393,4790,79,1.0,Devil's Delight Blazing Hot Sausage
2001394,4819,79,1.0,Devil's Delight Blazing Hot Sausage
2001395,4835,79,1.0,Devil's Delight Blazing Hot Sausage
2001396,4835,80,1.0,Pivotal Stomach Calmer
2001397,4839,79,1.0,Devil's Delight Blazing Hot Sausage
2001398,4867,80,1.0,Pivotal Stomach Calmer
2001399,4907,80,1.0,Pivotal Stomach Calmer
2001400,4947,79,1.0,Devil's Delight Blazing Hot Sausage
2001401,4955,79,1.0,Devil's Delight Blazing Hot Sausage
2001402,4955,80,1.0,Pivotal Stomach Calmer
2001403,4979,80,1.0,Pivotal Stomach Calmer
2001404,4999,79,1.0,Devil's Delight Blazing Hot Sausage
2001405,5017,79,1.0,Devil's Delight Blazing Hot Sausage
2001406,5017,80,1.0,Pivotal Stomach Calmer
2001407,5093,80,1.0,Pivotal Stomach Calmer
2001408,5105,80,1.0,Pivotal Stomach Calmer
2001409,5145,79,1.0,Devil's Delight Blazing Hot Sausage
2001410,5145,80,1.0,Pivotal Stomach Calmer
2001411,5161,79,1.0,Devil's Delight Blazing Hot Sausage
2001412,5161,80,1.0,Pivotal Stomach Calmer
2001413,5177,79,1.0,Devil's Delight Blazing Hot Sausage
2001414,5181,79,1.0,Devil's Delight Blazing Hot Sausage
2001415,5218,79,1.0,Devil's Delight Blazing Hot Sausage
2001416,5218,80,1.0,Pivotal Stomach Calmer
2001417,5234,79,1.0,Devil's Delight Blazing Hot Sausage
2001418,5258,79,1.0,Devil's Delight Blazing Hot Sausage
2001419,5258,80,1.0,Pivotal Stomach Calmer
2001420,5262,79,1.0,Devil's Delight Blazing Hot Sausage
2001421,5262,80,1.0,Pivotal Stomach Calmer
2001422,5282,80,1.0,Pivotal Stomach Calmer
2001423,5286,80,1.0,Pivotal Stomach Calmer
2001424,5338,79,1.0,Devil's Delight Blazing Hot Sausage
2001425,5338,80,1.0,Pivotal Stomach Calmer
2001426,5346,79,1.0,Devil's Delight Blazing Hot Sausage
2001427,5346,80,1.0,Pivotal Stomach Calmer
2001428,5366,80,1.0,Pivotal Stomach Calmer
2001429,5386,80,1.0,Pivotal Stomach Calmer
2001430,2719,80,1.0,Pivotal Stomach Calmer
2001431,2727,79,1.0,Devil's Delight Blazing Hot Sausage
2001432,2747,79,1.0,Devil's Delight Blazing Hot Sausage
2001433,2747,80,1.0,Pivotal Stomach Calmer
2001434,2751,80,1.0,Pivotal Stomach Calmer
2001435,2755,80,1.0,Pivotal Stomach Calmer
2001436,2763,79,1.0,Devil's Delight Blazing Hot Sausage
2001437,2763,80,1.0,Pivotal Stomach Calmer
2001438,2787,79,1.0,Devil's Delight Blazing Hot Sausage
2001439,2787,80,1.0,Pivotal Stomach Calmer
2001440,2864,79,1.0,Devil's Delight Blazing Hot Sausage
2001441,2864,80,1.0,Pivotal Stomach Calmer
2001442,2900,79,1.0,Devil's Delight Blazing Hot Sausage
2001443,2900,80,1.0,Pivotal Stomach Calmer
2001444,2932,79,1.0,Devil's Delight Blazing Hot Sausage
2001445,2944,80,1.0,Pivotal Stomach Calmer
2001446,2996,79,1.0,Devil's Delight Blazing Hot Sausage
2001447,2996,80,1.0,Pivotal Stomach Calmer
2001448,3000,80,1.0,Pivotal Stomach Calmer
2001449,3011,80,1.0,Pivotal Stomach Calmer
2001450,3079,80,1.0,Pivotal Stomach Calmer
2001451,3111,79,1.0,Devil's Delight Blazing Hot Sausage
2001452,3111,80,1.0,Pivotal Stomach Calmer
2001453,3130,79,1.0,Devil's Delight Blazing Hot Sausage
2001454,3130,80,1.0,Pivotal Stomach Calmer
2001455,3138,79,1.0,Devil's Delight Blazing Hot Sausage
2001456,3158,79,1.0,Devil's Delight Blazing Hot Sausage
2001457,3158,80,1.0,Pivotal Stomach Calmer
2001458,3186,79,1.0,Devil's Delight Blazing Hot Sausage
2001459,3186,80,1.0,Pivotal Stomach Calmer
2001460,3202,80,1.0,Pivotal Stomach Calmer
2001461,3206,80,1.0,Pivotal Stomach Calmer
2001462,3254,79,1.0,Devil's Delight Blazing Hot Sausage
2001463,3254,80,1.0,Pivotal Stomach Calmer
2001464,3262,79,1.0,Devil's Delight Blazing Hot Sausage
2001465,3262,80,1.0,Pivotal Stomach Calmer
2001466,3286,79,1.0,Devil's Delight Blazing Hot Sausage
2001467,3298,79,1.0,Devil's Delight Blazing Hot Sausage
2001468,3298,80,1.0,Pivotal Stomach Calmer
2001469,3302,79,1.0,Devil's Delight Blazing Hot Sausage
2001470,3302,80,1.0,Pivotal Stomach Calmer
2001471,3342,79,1.0,Devil's Delight Blazing Hot Sausage
2001472,3342,80,1.0,Pivotal Stomach Calmer
2001473,3350,80,1.0,Pivotal Stomach Calmer
2001474,3373,79,1.0,Devil's Delight Blazing Hot Sausage
2001475,3393,79,1.0,Devil's Delight Blazing Hot Sausage
2001476,3393,80,1.0,Pivotal Stomach Calmer
2001477,3405,80,1.0,Pivotal Stomach Calmer
2001478,3413,80,1.0,Pivotal Stomach Calmer
2001479,3433,79,1.0,Devil's Delight Blazing Hot Sausage
2001480,3449,80,1.0,Pivotal Stomach Calmer
2001481,3453,80,1.0,Pivotal Stomach Calmer
2001482,3457,79,1.0,Devil's Delight Blazing Hot Sausage
2001483,3461,79,1.0,Devil's Delight Blazing Hot Sausage
2001484,3461,80,1.0,Pivotal Stomach Calmer
2001485,3465,79,1.0,Devil's Delight Blazing Hot Sausage
2001486,3481,79,1.0,Devil's Delight Blazing Hot Sausage
2001487,3481,80,1.0,Pivotal Stomach Calmer
2001488,3493,79,1.0,Devil's Delight Blazing Hot Sausage
2001489,3493,80,1.0,Pivotal Stomach Calmer
2001490,3517,80,1.0,Pivotal Stomach Calmer
2001491,3581,79,1.0,Devil's Delight Blazing Hot Sausage
2001492,3585,79,1.0,Devil's Delight Blazing Hot Sausage
2001493,3597,79,1.0,Devil's Delight Blazing Hot Sausage
2001494,3597,80,1.0,Pivotal Stomach Calmer
2001495,3625,80,1.0,Pivotal Stomach Calmer
2001496,3632,80,1.0,Pivotal Stomach Calmer
2001497,3660,79,1.0,Devil's Delight Blazing Hot Sausage
2001498,3660,80,1.0,Pivotal Stomach Calmer
2001499,3680,80,1.0,Pivotal Stomach Calmer
2001500,3700,80,1.0,Pivotal Stomach Calmer
2001501,3712,80,1.0,Pivotal Stomach Calmer
2001502,3728,80,1.0,Pivotal Stomach Calmer
2001503,3740,79,1.0,Devil's Delight Blazing Hot Sausage
2001504,3740,80,1.0,Pivotal Stomach Calmer
2001505,3748,79,1.0,Devil's Delight Blazing Hot Sausage
2001506,3752,80,1.0,Pivotal Stomach Calmer
2001507,3784,79,1.0,Devil's Delight Blazing Hot Sausage
2001508,3796,79,1.0,Devil's Delight Blazing Hot Sausage
2001509,3796,80,1.0,Pivotal Stomach Calmer
2001510,3800,79,1.0,Devil's Delight Blazing Hot Sausage
2001511,3808,79,1.0,Devil's Delight Blazing Hot Sausage
2001512,3832,79,1.0,Devil's Delight Blazing Hot Sausage
2001513,3832,80,1.0,Pivotal Stomach Calmer
2001514,3899,79,1.0,Devil's Delight Blazing Hot Sausage
2001515,3899,80,1.0,Pivotal Stomach Calmer
2001516,3903,79,1.0,Devil's Delight Blazing Hot Sausage
2001517,3903,80,1.0,Pivotal Stomach Calmer
2001518,3927,79,1.0,Devil's Delight Blazing Hot Sausage
2001519,3927,80,1.0,Pivotal Stomach Calmer
2001520,3951,79,1.0,Devil's Delight Blazing Hot Sausage
2001521,3951,80,1.0,Pivotal Stomach Calmer
2001522,3963,79,1.0,Devil's Delight Blazing Hot Sausage
2001523,3971,79,1.0,Devil's Delight Blazing Hot Sausage
2001524,3971,80,1.0,Pivotal Stomach Calmer
2001525,3987,79,1.0,Devil's Delight Blazing Hot Sausage
2001526,4016,80,1.0,Pivotal Stomach Calmer
2001527,4035,79,1.0,Devil's Delight Blazing Hot Sausage
2001528,4055,79,1.0,Devil's Delight Blazing Hot Sausage
2001529,4055,80,1.0,Pivotal Stomach Calmer
2001530,4071,79,1.0,Devil's Delight Blazing Hot Sausage
2001531,4071,80,1.0,Pivotal Stomach Calmer
2001532,4143,79,1.0,Devil's Delight Blazing Hot Sausage
2001533,4143,80,1.0,Pivotal Stomach Calmer
2001534,4151,79,1.0,Devil's Delight Blazing Hot Sausage
2001535,4151,80,1.0,Pivotal Stomach Calmer
2001536,4255,79,1.0,Devil's Delight Blazing Hot Sausage
2001537,4271,79,1.0,Devil's Delight Blazing Hot Sausage
2001538,4271,80,1.0,Pivotal Stomach Calmer
2001539,4283,79,1.0,Devil's Delight Blazing Hot Sausage
2001540,4283,80,1.0,Pivotal Stomach Calmer
2001541,4306,79,1.0,Devil's Delight Blazing Hot Sausage
2001542,4306,80,1.0,Pivotal Stomach Calmer
2001543,4314,79,1.0,Devil's Delight Blazing Hot Sausage
2001544,4330,79,1.0,Devil's Delight Blazing Hot Sausage
2001545,4330,80,1.0,Pivotal Stomach Calmer
2001546,4466,79,1.0,Devil's Delight Blazing Hot Sausage
2001547,4466,80,1.0,Pivotal Stomach Calmer
2001548,4510,79,1.0,Devil's Delight Blazing Hot Sausage
2001549,4510,80,1.0,Pivotal Stomach Calmer
2001550,4514,79,1.0,Devil's Delight Blazing Hot Sausage
2001551,4514,80,1.0,Pivotal Stomach Calmer
2001552,4526,79,1.0,Devil's Delight Blazing Hot Sausage
2001553,4526,80,1.0,Pivotal Stomach Calmer
2001554,4538,80,1.0,Pivotal Stomach Calmer
2001555,4557,80,1.0,Pivotal Stomach Calmer
2001556,4577,79,1.0,Devil's Delight Blazing Hot Sausage
2001557,4577,80,1.0,Pivotal Stomach Calmer
2001558,4613,79,1.0,Devil's Delight Blazing Hot Sausage
2001559,4613,80,1.0,Pivotal Stomach Calmer
2001560,4633,80,1.0,Pivotal Stomach Calmer
2001561,4641,79,1.0,Devil's Delight Blazing Hot Sausage
2001562,4641,80,1.0,Pivotal Stomach Calmer
2001563,4677,79,1.0,Devil's Delight Blazing Hot Sausage
2001564,4677,80,1.0,Pivotal Stomach Calmer
2001565,4701,79,1.0,Devil's Delight Blazing Hot Sausage
2001566,4729,79,1.0,Devil's Delight Blazing Hot Sausage
2001567,4729,80,1.0,Pivotal Stomach Calmer
2001568,4757,79,1.0,Devil's Delight Blazing Hot Sausage
2001569,4757,80,1.0,Pivotal Stomach Calmer
2001570,4769,79,1.0,Devil's Delight Blazing Hot Sausage
2001571,4769,80,1.0,Pivotal Stomach Calmer
2001572,4773,79,1.0,Devil's Delight Blazing Hot Sausage
2001573,4773,80,1.0,Pivotal Stomach Calmer
2001574,4793,79,1.0,Devil's Delight Blazing Hot Sausage
2001575,4804,79,1.0,Devil's Delight Blazing Hot Sausage
2001576,4804,80,1.0,Pivotal Stomach Calmer
2001577,4808,80,1.0,Pivotal Stomach Calmer
2001578,4840,80,1.0,Pivotal Stomach Calmer
2001579,4844,79,1.0,Devil's Delight Blazing Hot Sausage
2001580,4856,79,1.0,Devil's Delight Blazing Hot Sausage
2001581,4856,80,1.0,Pivotal Stomach Calmer
2001582,4872,80,1.0,Pivotal Stomach Calmer
2001583,4876,79,1.0,Devil's Delight Blazing Hot Sausage
2001584,4876,80,1.0,Pivotal Stomach Calmer
2001585,4896,79,1.0,Devil's Delight Blazing Hot Sausage
2001586,4896,80,1.0,Pivotal Stomach Calmer
2001587,4900,80,1.0,Pivotal Stomach Calmer
2001588,4904,79,1.0,Devil's Delight Blazing Hot Sausage
2001589,4968,80,1.0,Pivotal Stomach Calmer
2001590,4976,79,1.0,Devil's Delight Blazing Hot Sausage
2001591,4984,79,1.0,Devil's Delight Blazing Hot Sausage
2001592,4984,80,1.0,Pivotal Stomach Calmer
2001593,4988,79,1.0,Devil's Delight Blazing Hot Sausage
2001594,4988,80,1.0,Pivotal Stomach Calmer
2001595,4996,79,1.0,Devil's Delight Blazing Hot Sausage
2001596,4996,80,1.0,Pivotal Stomach Calmer
2001597,5002,79,1.0,Devil's Delight Blazing Hot Sausage
2001598,5014,79,1.0,Devil's Delight Blazing Hot Sausage
2001599,5022,79,1.0,Devil's Delight Blazing Hot Sausage
2001600,5022,80,1.0,Pivotal Stomach Calmer
2001601,5086,80,1.0,Pivotal Stomach Calmer
2001602,5102,79,1.0,Devil's Delight Blazing Hot Sausage
2001603,5102,80,1.0,Pivotal Stomach Calmer
2001604,5110,79,1.0,Devil's Delight Blazing Hot Sausage
2001605,5110,80,1.0,Pivotal Stomach Calmer
2001606,5114,79,1.0,Devil's Delight Blazing Hot Sausage
2001607,5114,80,1.0,Pivotal Stomach Calmer
2001608,5118,79,1.0,Devil's Delight Blazing Hot Sausage
2001609,5118,80,1.0,Pivotal Stomach Calmer
2001610,5134,79,1.0,Devil's Delight Blazing Hot Sausage
2001611,5134,80,1.0,Pivotal Stomach Calmer
2001612,5158,80,1.0,Pivotal Stomach Calmer
2001613,5162,79,1.0,Devil's Delight Blazing Hot Sausage
2001614,5162,80,1.0,Pivotal Stomach Calmer
2001615,5166,79,1.0,Devil's Delight Blazing Hot Sausage
2001616,5166,80,1.0,Pivotal Stomach Calmer
2001617,5170,79,1.0,Devil's Delight Blazing Hot Sausage
2001618,5170,80,1.0,Pivotal Stomach Calmer
2001619,5189,79,1.0,Devil's Delight Blazing Hot Sausage
2001620,5213,79,1.0,Devil's Delight Blazing Hot Sausage
2001621,5213,80,1.0,Pivotal Stomach Calmer
2001622,5221,79,1.0,Devil's Delight Blazing Hot Sausage
2001623,5221,80,1.0,Pivotal Stomach Calmer
2001624,5269,79,1.0,Devil's Delight Blazing Hot Sausage
2001625,5269,80,1.0,Pivotal Stomach Calmer
2001626,5337,79,1.0,Devil's Delight Blazing Hot Sausage
2001627,5341,80,1.0,Pivotal Stomach Calmer
2001628,5357,79,1.0,Devil's Delight Blazing Hot Sausage
2001629,5361,79,1.0,Devil's Delight Blazing Hot Sausage
2001630,5420,80,1.0,Pivotal Stomach Calmer
2001631,5428,79,1.0,Devil's Delight Blazing Hot Sausage
2001632,5428,80,1.0,Pivotal Stomach Calmer
2001633,5444,79,1.0,Devil's Delight Blazing Hot Sausage
2001634,5457,79,1.0,Devil's Delight Blazing Hot Sausage
2001635,5457,80,1.0,Pivotal Stomach Calmer
2001636,5473,80,1.0,Pivotal Stomach Calmer
2001637,5533,79,1.0,Devil's Delight Blazing Hot Sausage
2001638,5541,79,1.0,Devil's Delight Blazing Hot Sausage
2001639,5541,80,1.0,Pivotal Stomach Calmer
2001640,5585,79,1.0,Devil's Delight Blazing Hot Sausage
2001641,5677,79,1.0,Devil's Delight Blazing Hot Sausage
2001642,5722,79,1.0,Devil's Delight Blazing Hot Sausage
2001643,5722,80,1.0,Pivotal Stomach Calmer
2001644,5754,79,1.0,Devil's Delight Blazing Hot Sausage
2001645,5758,79,1.0,Devil's Delight Blazing Hot Sausage
2001646,5794,79,1.0,Devil's Delight Blazing Hot Sausage
2001647,5802,79,1.0,Devil's Delight Blazing Hot Sausage
2001648,5802,80,1.0,Pivotal Stomach Calmer
2001649,5826,79,1.0,Devil's Delight Blazing Hot Sausage
2001650,5830,80,1.0,Pivotal Stomach Calmer
2001651,5834,79,1.0,Devil's Delight Blazing Hot Sausage
2001652,5858,79,1.0,Devil's Delight Blazing Hot Sausage
2001653,5858,80,1.0,Pivotal Stomach Calmer
2001654,5886,79,1.0,Devil's Delight Blazing Hot Sausage
2001655,5890,79,1.0,Devil's Delight Blazing Hot Sausage
2001656,5890,80,1.0,Pivotal Stomach Calmer
2001657,5902,79,1.0,Devil's Delight Blazing Hot Sausage
2001658,5902,80,1.0,Pivotal Stomach Calmer
2001659,5946,79,1.0,Devil's Delight Blazing Hot Sausage
2001660,5946,80,1.0,Pivotal Stomach Calmer
2001661,5967,80,1.0,Pivotal Stomach Calmer
2001662,5971,80,1.0,Pivotal Stomach Calmer
2001663,5995,79,1.0,Devil's Delight Blazing Hot Sausage
2001664,5431,80,1.0,Pivotal Stomach Calmer
2001665,5439,80,1.0,Pivotal Stomach Calmer
2001666,5446,80,1.0,Pivotal Stomach Calmer
2001667,5470,79,1.0,Devil's Delight Blazing Hot Sausage
2001668,5470,80,1.0,Pivotal Stomach Calmer
2001669,5474,79,1.0,Devil's Delight Blazing Hot Sausage
2001670,5474,80,1.0,Pivotal Stomach Calmer
2001671,5478,79,1.0,Devil's Delight Blazing Hot Sausage
2001672,5478,80,1.0,Pivotal Stomach Calmer
2001673,5494,79,1.0,Devil's Delight Blazing Hot Sausage
2001674,5494,80,1.0,Pivotal Stomach Calmer
2001675,5522,80,1.0,Pivotal Stomach Calmer
2001676,5534,79,1.0,Devil's Delight Blazing Hot Sausage
2001677,5582,79,1.0,Devil's Delight Blazing Hot Sausage
2001678,5582,80,1.0,Pivotal Stomach Calmer
2001679,5602,79,1.0,Devil's Delight Blazing Hot Sausage
2001680,5614,79,1.0,Devil's Delight Blazing Hot Sausage
2001681,5614,80,1.0,Pivotal Stomach Calmer
2001682,5626,79,1.0,Devil's Delight Blazing Hot Sausage
2001683,5626,80,1.0,Pivotal Stomach Calmer
2001684,5638,79,1.0,Devil's Delight Blazing Hot Sausage
2001685,5638,80,1.0,Pivotal Stomach Calmer
2001686,5662,80,1.0,Pivotal Stomach Calmer
2001687,5666,79,1.0,Devil's Delight Blazing Hot Sausage
2001688,5666,80,1.0,Pivotal Stomach Calmer
2001689,5674,79,1.0,Devil's Delight Blazing Hot Sausage
2001690,5686,80,1.0,Pivotal Stomach Calmer
2001691,5725,79,1.0,Devil's Delight Blazing Hot Sausage
2001692,5725,80,1.0,Pivotal Stomach Calmer
2001693,5737,79,1.0,Devil's Delight Blazing Hot Sausage
2001694,5737,80,1.0,Pivotal Stomach Calmer
2001695,5745,79,1.0,Devil's Delight Blazing Hot Sausage
2001696,5745,80,1.0,Pivotal Stomach Calmer
2001697,5761,80,1.0,Pivotal Stomach Calmer
2001698,5781,80,1.0,Pivotal Stomach Calmer
2001699,5833,80,1.0,Pivotal Stomach Calmer
2001700,5849,80,1.0,Pivotal Stomach Calmer
2001701,5909,79,1.0,Devil's Delight Blazing Hot Sausage
2001702,5917,80,1.0,Pivotal Stomach Calmer
2001703,5945,80,1.0,Pivotal Stomach Calmer
2001704,6000,79,1.0,Devil's Delight Blazing Hot Sausage
2001705,6000,80,1.0,Pivotal Stomach Calmer
2001706,5442,79,1.0,Devil's Delight Blazing Hot Sausage
2001707,5442,80,1.0,Pivotal Stomach Calmer
2001708,5447,79,1.0,Devil's Delight Blazing Hot Sausage
2001709,5447,80,1.0,Pivotal Stomach Calmer
2001710,5463,80,1.0,Pivotal Stomach Calmer
2001711,5483,79,1.0,Devil's Delight Blazing Hot Sausage
2001712,5495,79,1.0,Devil's Delight Blazing Hot Sausage
2001713,5495,80,1.0,Pivotal Stomach Calmer
2001714,5519,79,1.0,Devil's Delight Blazing Hot Sausage
2001715,5519,80,1.0,Pivotal Stomach Calmer
2001716,5531,80,1.0,Pivotal Stomach Calmer
2001717,5539,80,1.0,Pivotal Stomach Calmer
2001718,5551,79,1.0,Devil's Delight Blazing Hot Sausage
2001719,5551,80,1.0,Pivotal Stomach Calmer
2001720,5555,79,1.0,Devil's Delight Blazing Hot Sausage
2001721,5555,80,1.0,Pivotal Stomach Calmer
2001722,5563,79,1.0,Devil's Delight Blazing Hot Sausage
2001723,5571,79,1.0,Devil's Delight Blazing Hot Sausage
2001724,5571,80,1.0,Pivotal Stomach Calmer
2001725,5583,79,1.0,Devil's Delight Blazing Hot Sausage
2001726,5583,80,1.0,Pivotal Stomach Calmer
2001727,5591,79,1.0,Devil's Delight Blazing Hot Sausage
2001728,5603,79,1.0,Devil's Delight Blazing Hot Sausage
2001729,5603,80,1.0,Pivotal Stomach Calmer
2001730,5611,80,1.0,Pivotal Stomach Calmer
2001731,5623,79,1.0,Devil's Delight Blazing Hot Sausage
2001732,5631,80,1.0,Pivotal Stomach Calmer
2001733,5651,79,1.0,Devil's Delight Blazing Hot Sausage
2001734,5651,80,1.0,Pivotal Stomach Calmer
2001735,5659,80,1.0,Pivotal Stomach Calmer
2001736,5691,80,1.0,Pivotal Stomach Calmer
2001737,5720,79,1.0,Devil's Delight Blazing Hot Sausage
2001738,5728,80,1.0,Pivotal Stomach Calmer
2001739,5736,79,1.0,Devil's Delight Blazing Hot Sausage
2001740,5736,80,1.0,Pivotal Stomach Calmer
2001741,5756,79,1.0,Devil's Delight Blazing Hot Sausage
2001742,5756,80,1.0,Pivotal Stomach Calmer
2001743,5772,79,1.0,Devil's Delight Blazing Hot Sausage
2001744,5772,80,1.0,Pivotal Stomach Calmer
2001745,5812,80,1.0,Pivotal Stomach Calmer
2001746,5828,79,1.0,Devil's Delight Blazing Hot Sausage
2001747,5828,80,1.0,Pivotal Stomach Calmer
2001748,5848,79,1.0,Devil's Delight Blazing Hot Sausage
2001749,5872,79,1.0,Devil's Delight Blazing Hot Sausage
2001750,5872,80,1.0,Pivotal Stomach Calmer
2001751,5912,79,1.0,Devil's Delight Blazing Hot Sausage
2001752,5912,80,1.0,Pivotal Stomach Calmer
2001753,5928,79,1.0,Devil's Delight Blazing Hot Sausage
2001754,5936,80,1.0,Pivotal Stomach Calmer
2001755,5948,79,1.0,Devil's Delight Blazing Hot Sausage
2001756,5948,80,1.0,Pivotal Stomach Calmer
2001757,5961,80,1.0,Pivotal Stomach Calmer
2001758,5985,79,1.0,Devil's Delight Blazing Hot Sausage
2001759,5985,80,1.0,Pivotal Stomach Calmer
2001760,5425,79,1.0,Devil's Delight Blazing Hot Sausage
2001761,5425,80,1.0,Pivotal Stomach Calmer
2001762,5456,79,1.0,Devil's Delight Blazing Hot Sausage
2001763,5456,80,1.0,Pivotal Stomach Calmer
2001764,5476,79,1.0,Devil's Delight Blazing Hot Sausage
2001765,5476,80,1.0,Pivotal Stomach Calmer
2001766,5488,79,1.0,Devil's Delight Blazing Hot Sausage
2001767,5500,80,1.0,Pivotal Stomach Calmer
2001768,5504,79,1.0,Devil's Delight Blazing Hot Sausage
2001769,5504,80,1.0,Pivotal Stomach Calmer
2001770,5540,79,1.0,Devil's Delight Blazing Hot Sausage
2001771,5540,80,1.0,Pivotal Stomach Calmer
2001772,5544,80,1.0,Pivotal Stomach Calmer
2001773,5552,80,1.0,Pivotal Stomach Calmer
2001774,5588,80,1.0,Pivotal Stomach Calmer
2001775,5656,79,1.0,Devil's Delight Blazing Hot Sausage
2001776,5656,80,1.0,Pivotal Stomach Calmer
2001777,5692,79,1.0,Devil's Delight Blazing Hot Sausage
2001778,5692,80,1.0,Pivotal Stomach Calmer
2001779,5700,80,1.0,Pivotal Stomach Calmer
2001780,5715,80,1.0,Pivotal Stomach Calmer
2001781,5719,80,1.0,Pivotal Stomach Calmer
2001782,5751,79,1.0,Devil's Delight Blazing Hot Sausage
2001783,5791,79,1.0,Devil's Delight Blazing Hot Sausage
2001784,5791,80,1.0,Pivotal Stomach Calmer
2001785,5799,80,1.0,Pivotal Stomach Calmer
2001786,5807,79,1.0,Devil's Delight Blazing Hot Sausage
2001787,5831,79,1.0,Devil's Delight Blazing Hot Sausage
2001788,5831,80,1.0,Pivotal Stomach Calmer
2001789,5883,79,1.0,Devil's Delight Blazing Hot Sausage
2001790,5911,79,1.0,Devil's Delight Blazing Hot Sausage
2001791,5911,80,1.0,Pivotal Stomach Calmer
2001792,5915,79,1.0,Devil's Delight Blazing Hot Sausage
2001793,5915,80,1.0,Pivotal Stomach Calmer
2001794,5923,79,1.0,Devil's Delight Blazing Hot Sausage
2001795,5923,80,1.0,Pivotal Stomach Calmer
2001796,5927,79,1.0,Devil's Delight Blazing Hot Sausage
2001797,5970,79,1.0,Devil's Delight Blazing Hot Sausage
2001798,5986,80,1.0,Pivotal Stomach Calmer
